Design_ID,Sequence,pLDDT_Confidence,Chai-1_ipTM,Chai-1_pTM,Zinc_Status,Validation_Status
design_9,AAALAAAVAAARAAAAAELAEARARAEALAAEGREEEGRRLLESAERRAETRAALIARVLAA,81.78,0.6259,0.7757,SAFE,ACCEPTED
design_9,AAALAAAVAAARAAAAAELAEARARAEALAAEGREEEGRRLLESAERRAETRAALIARVLAA,81.78,0.6259,0.7757,SAFE,ACCEPTED
design_21,SAAAAAKAAAAAAAAAAAAAAAAAAAAAAAAAEEELKKREEEAAKEIKELQEEKVKKELEEKLKKLLEELLKALEELLKKLKE,88.95,0.5672,0.6933,SAFE,ACCEPTED
design_21,SAAAAAKAAAAAAAAAAAAAAAAAAAAAAAAAEEELKKREEEAAKEIKELQEEKVKKELEEKLKKLLEELLKALEELLKKLKE,88.95,0.5672,0.6933,SAFE,ACCEPTED
design_15,AEAAALEAKAAALEAAAEAALAAALAAQEALFAAPLERRPELLAQLKALVDQARALEAEAAATRARAEALRAAA,82.14,0.5473,0.7496,SAFE,ACCEPTED
design_15,AEAAALEAKAAALEAAAEAALAAALAAQEALFAAPLERRPELLAQLKALVDQARALEAEAAATRARAEALRAAA,82.14,0.5473,0.7496,SAFE,ACCEPTED
design_52,EEEEEREREEERAELYTELLDEAAAAALDGDKAAAALAYMQRLVRASLKLSKELAVRIAERAIALLDAAAAARPEHRAAFEAARAEVQALLAEI,77.96,0.511,0.7718,SAFE,ACCEPTED
design_52,EEEEEREREEERAELYTELLDEAAAAALDGDKAAAALAYMQRLVRASLKLSKELAVRIAERAIALLDAAAAARPEHRAAFEAARAEVQALLAEI,77.96,0.511,0.7718,SAFE,ACCEPTED
design_50,SKERTLAAFKNLAKYLEEEKKKKEEELKKLKEEEEKRVKAGGSKEEAEKRIKEKKEELEKIKKRAEYAKKKVEELE,82.26,0.4916,0.7336,SAFE,ACCEPTED
design_50,SKERTLAAFKNLAKYLEEEKKKKEEELKKLKEEEEKRVKAGGSKEEAEKRIKEKKEELEKIKKRAEYAKKKVEELE,82.26,0.4916,0.7336,SAFE,ACCEPTED
design_12,KDWLAEANRLKARLETLEKRAEELAKNPENAEEIAKLKAEAAEAKAALEAAEAKLAEAKAAEAAAAAEAAARKEAE,81.46,0.4904,0.7225,SAFE,ACCEPTED
design_12,KDWLAEANRLKARLETLEKRAEELAKNPENAEEIAKLKAEAAEAKAALEAAEAKLAEAKAAEAAAAAEAAARKEAE,81.46,0.4904,0.7225,SAFE,ACCEPTED
design_4,EKEQKYRDALSFAKYLKVLEELLETEGVEKVKEFAEMLKELGHPFAEFAEEIAERLEAGEPLEEIKKRLEEAYKKAVEEAEKLKA,78.77,0.4852,0.7138,SAFE,ACCEPTED
design_4,EKEQKYRDALSFAKYLKVLEELLETEGVEKVKEFAEMLKELGHPFAEFAEEIAERLEAGEPLEEIKKRLEEAYKKAVEEAEKLKA,78.77,0.4852,0.7138,SAFE,ACCEPTED
design_40,SEALKAAYLAALAAARAAADAQFAALAAAAAALDPELAAEIESLRSAAAARLDLAAAELEAATPEDVPAVWERYQALLAEIKAQIAARAARIAALAAE,78.29,0.4576,0.7513,SAFE,ACCEPTED
design_40,SEALKAAYLAALAAARAAADAQFAALAAAAAALDPELAAEIESLRSAAAARLDLAAAELEAATPEDVPAVWERYQALLAEIKAQIAARAARIAALAAE,78.29,0.4576,0.7513,SAFE,ACCEPTED
design_63,AANREHIEALCAELKALAAELAAALRLRLGDEAAGAAVVAETEALCAALLAAGLPLEEADALFAARKAELEARLQAALRA,79.63,0.4507,0.7216,SAFE,ACCEPTED
design_63,AANREHIEALCAELKALAAELAAALRLRLGDEAAGAAVVAETEALCAALLAAGLPLEEADALFAARKAELEARLQAALRA,79.63,0.4507,0.7216,SAFE,ACCEPTED
batch2_design_0,SLEELKKELEKKKEEEKKKKAEKLLEELRKEAAAARAERAAAAAAAAAAAAAAAAAAAAAAAAAAA,88.4,0.4272,0.6652,SAFE,ACCEPTED
batch2_design_0,SLEELKKELEKKKEEEKKKKAEKLLEELRKEAAAARAERAAAAAAAAAAAAAAAAAAAAAAAAAAA,88.4,0.4272,0.6652,SAFE,ACCEPTED
batch2_design_5,AAAEAEAARAEARALLAALAAERRKALELERALERAKAEGATPEEIAALEAALAKARAAAAALEARLDALLAARAAARAAAA,82.47,0.4129,0.7173,SAFE,ACCEPTED
batch2_design_5,AAAEAEAARAEARALLAALAAERRKALELERALERAKAEGATPEEIAALEAALAKARAAAAALEARLDALLAARAAARAAAA,82.47,0.4129,0.7173,SAFE,ACCEPTED
design_51,SLLEKLKKEEEEKKKEEEAKEEAKKLFEERLPEFEKAREKGLEEFRKLFQEILDELIEKALEDKENREFYLKIAYYISKIRREYLEEWEKKEKEK,76.14,0.4092,0.7074,SAFE,ACCEPTED
design_51,SLLEKLKKEEEEKKKEEEAKEEAKKLFEERLPEFEKAREKGLEEFRKLFQEILDELIEKALEDKENREFYLKIAYYISKIRREYLEEWEKKEKEK,76.14,0.4092,0.7074,SAFE,ACCEPTED
design_14,DEERERLELRRAIIAETAELLAKNAAVDPRAAELAERYRAIAALTLEEMPAALAALRAEEEAALRAEAAAAAAAAAALAAAAAAAAAAAA,79.3,0.3962,0.6767,SAFE,ACCEPTED
design_14,DEERERLELRRAIIAETAELLAKNAAVDPRAAELAERYRAIAALTLEEMPAALAALRAEEEAALRAEAAAAAAAAAALAAAAAAAAAAAA,79.3,0.3962,0.6767,SAFE,ACCEPTED
design_1,EAALAAVRARRAEVEAERRRVERIIEILKKYDSEVMKKYAERLREELAAREAEVEALEAAVRAA,83.69,0.3856,0.6803,SAFE,ACCEPTED
design_1,EAALAAVRARRAEVEAERRRVERIIEILKKYDSEVMKKYAERLREELAAREAEVEALEAAVRAA,83.69,0.3856,0.6803,SAFE,ACCEPTED
design_39,DVMEKLVDELVKLKEEKKKEKEEKLKEIEELEDEELKKKLKEEVEKKLKEEFEKEREEIAKKYAK,83.01,0.3684,0.6521,SAFE,ACCEPTED
design_39,DVMEKLVDELVKLKEEKKKEKEEKLKEIEELEDEELKKKLKEEVEKKLKEEFEKEREEIAKKYAK,83.01,0.3684,0.6521,SAFE,ACCEPTED
design_16,ALAARLAALEARAAKLRAEAAAKLAAAEEAKEDFEKCVLLRTEAVRLDAEAARLAAEAAELRA,83.22,0.3437,0.6726,SAFE,ACCEPTED
design_16,ALAARLAALEARAAKLRAEAAAKLAAAEEAKEDFEKCVLLRTEAVRLDAEAARLAAEAAELRA,83.22,0.3437,0.6726,SAFE,ACCEPTED
design_3,EEERKKLLEEIEKLLKEARELIEKLPNKEEVLEVLEKAEKYLKEGNLDKAIEEVLKAAKLLKEYPEAEEALAKLCRMLHLLIKLK,79.18,0.3287,0.7189,SAFE,ACCEPTED
design_3,EEERKKLLEEIEKLLKEARELIEKLPNKEEVLEVLEKAEKYLKEGNLDKAIEEVLKAAKLLKEYPEAEEALAKLCRMLHLLIKLK,79.18,0.3287,0.7189,SAFE,ACCEPTED
batch2_design_2,AAAAAAAAAAARAARRAEAAALRAAAAALEAEAAANPGNVRLVGAARRARRRAERLEAEL,83.38,0.3212,0.6413,SAFE,ACCEPTED
batch2_design_2,AAAAAAAAAAARAARRAEAAALRAAAAALEAEAAANPGNVRLVGAARRARRRAERLEAEL,83.38,0.3212,0.6413,SAFE,ACCEPTED
design_34,MTKEEIIRKAEILRKLAKECKEKLEKAEKKKEKPEEAIEELLKKLVAIDEEIAKKAKEEVDKYIAEGKLEEAFKAAKEALKELAKRLEKEAEELLKEAE,76.92,0.2845,0.6902,SAFE,ACCEPTED
design_34,MTKEEIIRKAEILRKLAKECKEKLEKAEKKKEKPEEAIEELLKKLVAIDEEIAKKAKEEVDKYIAEGKLEEAFKAAKEALKELAKRLEKEAEELLKEAE,76.92,0.2845,0.6902,SAFE,ACCEPTED
design_24,SLEEELERKKEEELERRAEEAREEIERAEEERRAEEARRRAAAEAEEAAAAAAAAAAAAAAAA,89.28,0.2715,0.5802,SAFE,ACCEPTED
design_24,SLEEELERKKEEELERRAEEAREEIERAEEERRAEEARRRAAAEAEEAAAAAAAAAAAAAAAA,89.28,0.2715,0.5802,SAFE,ACCEPTED
design_37,MLEELKEYKERAEEYEKKAEETRKKAEESEDEEEREKLLKEAEELEKLAKIHKKLAEALEKKLKEEKEKKK,81.47,0.2632,0.6254,SAFE,ACCEPTED
design_37,MLEELKEYKERAEEYEKKAEETRKKAEESEDEEEREKLLKEAEELEKLAKIHKKLAEALEKKLKEEKEKKK,81.47,0.2632,0.6254,SAFE,ACCEPTED
design_10,EELEKKLEELRKKAKEEARKARELRREAERLREEAAAVRARAEANPEDREALLARAAELEAAAAAKRAEAEAALRKSREYIKKRVEVKKEIEEK,84.13,0.26,0.6615,SAFE,ACCEPTED
design_10,EELEKKLEELRKKAKEEARKARELRREAERLREEAAAVRARAEANPEDREALLARAAELEAAAAAKRAEAEAALRKSREYIKKRVEVKKEIEEK,84.13,0.26,0.6615,SAFE,ACCEPTED
design_47,DLEKEIEKLKKKAKELKEKAEELKKKAEELEKLAKEEPEREYELLAEAVKLRIEAKKYEAEAEKLKKEAEALEKELK,83.03,0.2588,0.6297,SAFE,ACCEPTED
design_47,DLEKEIEKLKKKAKELKEKAEELKKKAEELEKLAKEEPEREYELLAEAVKLRIEAKKYEAEAEKLKKEAEALEKELK,83.03,0.2588,0.6297,SAFE,ACCEPTED
design_35,SLLAELLAALAAALAAAAEAAAEAERRARTKAYIAAGKTEEMTREEKVEWAVEKAEKERKEKEKALE,83.79,0.2456,0.5683,SAFE,ACCEPTED
design_35,SLLAELLAALAAALAAAAEAAAEAERRARTKAYIAAGKTEEMTREEKVEWAVEKAEKERKEKEKALE,83.79,0.2456,0.5683,SAFE,ACCEPTED
design_64,STEELRQQLEEHRTKHAQLRVQIARERAALAAEAAAATAEVAATGSAELAAQAAAALAARQARLAALEAEAEAHRAEAERLEAELA,81.42,0.2401,0.6329,SAFE,ACCEPTED
design_64,STEELRQQLEEHRTKHAQLRVQIARERAALAAEAAAATAEVAATGSAELAAQAAAALAARQARLAALEAEAEAHRAEAERLEAELA,81.42,0.2401,0.6329,SAFE,ACCEPTED
design_43,MEELEEEKEEAIKEAKELYEEKLKETGSEAEAYKAVAEWLKKKAKESSPELAKFYEELAKVYESKAEIAKKEEEEKKKKEEEEA,79.91,0.2397,0.6382,SAFE,ACCEPTED
design_43,MEELEEEKEEAIKEAKELYEEKLKETGSEAEAYKAVAEWLKKKAKESSPELAKFYEELAKVYESKAEIAKKEEEEKKKKEEEEA,79.91,0.2397,0.6382,SAFE,ACCEPTED
design_62,SAEEAALRRALELVERAEEYLELMLKEGREKVAALVGLVRLARELLAQVATHAEELKPLFDELLKAAETAEENPEETRKLLEKARERLRELL,77.48,0.2388,0.6632,SAFE,ACCEPTED
design_62,SAEEAALRRALELVERAEEYLELMLKEGREKVAALVGLVRLARELLAQVATHAEELKPLFDELLKAAETAEENPEETRKLLEKARERLRELL,77.48,0.2388,0.6632,SAFE,ACCEPTED
design_18,EAEKEAEKLLKELEKILEKAKELAKKEKNAEELLKAIDELEKTLKEALKLAKEGKFEEAEAKAKEAFRELEFKARAASEEIAKLIKEARKKAEEAFKVLK,77.69,0.226,0.6555,SAFE,ACCEPTED
design_18,EAEKEAEKLLKELEKILEKAKELAKKEKNAEELLKAIDELEKTLKEALKLAKEGKFEEAEAKAKEAFRELEFKARAASEEIAKLIKEARKKAEEAFKVLK,77.69,0.226,0.6555,SAFE,ACCEPTED
design_2,EEEERRKKLKEILEKAKELLEKIKESTEEEKEEVLKELEKLAKEAEELGDYWTAVKLEKIKKLLEEDIEEAAKALEELIKDLERRIE,78.73,0.2224,0.6369,SAFE,ACCEPTED
design_2,EEEERRKKLKEILEKAKELLEKIKESTEEEKEEVLKELEKLAKEAEELGDYWTAVKLEKIKKLLEEDIEEAAKALEELIKDLERRIE,78.73,0.2224,0.6369,SAFE,ACCEPTED
batch2_design_4,AAAEAAEAFAAALAAARAEADALLAKAPADPAARAALAALAAELAARAKALAADPATAAQAEAVLRLAGEIEIGLRRVDREIAEAARAAAEAAA,77.92,0.2218,0.6492,SAFE,ACCEPTED
batch2_design_4,AAAEAAEAFAAALAAARAEADALLAKAPADPAARAALAALAAELAARAKALAADPATAAQAEAVLRLAGEIEIGLRRVDREIAEAARAAAEAAA,77.92,0.2218,0.6492,SAFE,ACCEPTED
design_20,SAAAAALAALLAAAAAAAAAAAAAAAKLAEELKKYEEERKKIVEKRWEEIEKEREEKEREEKEKK,85.85,0.2146,0.5362,SAFE,ACCEPTED
design_20,SAAAAALAALLAAAAAAAAAAAAAAAKLAEELKKYEEERKKIVEKRWEEIEKEREEKEREEKEKK,85.85,0.2146,0.5362,SAFE,ACCEPTED
design_30,MSPEEIAELEERKKRIEELKERIKELEKRMEELAKEAPKLSKEEVKEELDRLRKEARELLIEAMELSGDEEVKEEMRERLDEIDLKRAELLRKVS,79.29,0.2133,0.5984,SAFE,ACCEPTED
design_30,MSPEEIAELEERKKRIEELKERIKELEKRMEELAKEAPKLSKEEVKEELDRLRKEARELLIEAMELSGDEEVKEEMRERLDEIDLKRAELLRKVS,79.29,0.2133,0.5984,SAFE,ACCEPTED
design_25,IEEKLKELREKIEALAEESETADVETAFKYVDELIKLLKELAKLVPSRKEEFEKLAKELEKEKKAYAKLPPEEAKKKLQSKIRTTSQRVCILIDYELEKL,77.14,0.2125,0.6736,SAFE,ACCEPTED
design_25,IEEKLKELREKIEALAEESETADVETAFKYVDELIKLLKELAKLVPSRKEEFEKLAKELEKEKKAYAKLPPEEAKKKLQSKIRTTSQRVCILIDYELEKL,77.14,0.2125,0.6736,SAFE,ACCEPTED
design_59,EEELKKLKEQAEEYEKKAEELKKKLEELKEEAKKAKEEDEEKAKALEIQAENVEERYKKLEEVAKKIKEKIEEL,83.42,0.2115,0.5786,SAFE,ACCEPTED
design_59,EEELKKLKEQAEEYEKKAEELKKKLEELKEEAKKAKEEDEEKAKALEIQAENVEERYKKLEEVAKKIKEKIEEL,83.42,0.2115,0.5786,SAFE,ACCEPTED
design_65,EEAAAEAAAKLEKLEAEAKEAEAKAKEAKAKAAAGEDVEEAKKKAEALEKEAKLLKSKREALLINAKELIEAYRKRKAEEAALA,82.01,0.211,0.526,SAFE,ACCEPTED
design_65,EEAAAEAAAKLEKLEAEAKEAEAKAKEAKAKAAAGEDVEEAKKKAEALEKEAKLLKSKREALLINAKELIEAYRKRKAEEAALA,82.01,0.211,0.526,SAFE,ACCEPTED
design_48,AAALLAALAALAAAAARAREIAALEAERARLLEEARAATPERRAALAARAHALELRAARLR,82.69,0.2108,0.5747,SAFE,ACCEPTED
design_48,AAALLAALAALAAAAARAREIAALEAERARLLEEARAATPERRAALAARAHALELRAARLR,82.69,0.2108,0.5747,SAFE,ACCEPTED
design_31,MEELEEKKERLKELSEEYVKLAEEYLELREKGEDPERAEEIERRRDEVMEERERLAEEIEKLEEEL,84.67,0.2073,0.5805,SAFE,ACCEPTED
design_31,MEELEEKKERLKELSEEYVKLAEEYLELREKGEDPERAEEIERRRDEVMEERERLAEEIEKLEEEL,84.67,0.2073,0.5805,SAFE,ACCEPTED
design_33,LEEEYKKALEEFKKTYEETLKLAKKLGDEESLKAAEEAREKVEKAEKELEELKKKGDEEEAEEKLKELLKLAKEALEKCKSILVKLKVKEK,77.07,0.2071,0.6246,SAFE,ACCEPTED
design_33,LEEEYKKALEEFKKTYEETLKLAKKLGDEESLKAAEEAREKVEKAEKELEELKKKGDEEEAEEKLKELLKLAKEALEKCKSILVKLKVKEK,77.07,0.2071,0.6246,SAFE,ACCEPTED
design_54,TLDQLYEAAKALIAARLARRTAELEAKAAAADPAEAAKYQAEIAAAKEEAERELKELEEEVEKLR,84.19,0.2055,0.5867,SAFE,ACCEPTED
design_54,TLDQLYEAAKALIAARLARRTAELEAKAAAADPAEAAKYQAEIAAAKEEAERELKELEEEVEKLR,84.19,0.2055,0.5867,SAFE,ACCEPTED
batch2_design_3,SQIEKQLDAEAEAAKKIIEEALKLAKEAAEKYGLEEMKKYAEKLKELKEKVKELREKKTQEALKEIREIRNEAVYIKGKILKKVEELEAK,80.06,0.2048,0.6368,SAFE,ACCEPTED
batch2_design_3,SQIEKQLDAEAEAAKKIIEEALKLAKEAAEKYGLEEMKKYAEKLKELKEKVKELREKKTQEALKEIREIRNEAVYIKGKILKKVEELEAK,80.06,0.2048,0.6368,SAFE,ACCEPTED
design_41,AAAAEAALAAAKAALDARLAAAEARLAELRAAERAAAAADPALAPECEARIRAARRELERLKAEAEKELAALEAAAK,82.66,0.2031,0.5806,SAFE,ACCEPTED
design_41,AAAAEAALAAAKAALDARLAAAEARLAELRAAERAAAAADPALAPECEARIRAARRELERLKAEAEKELAALEAAAK,82.66,0.2031,0.5806,SAFE,ACCEPTED
design_8,IEEETERKIAEVREEMREELEKLMKEYEEKLKKAKSEEEKEKIKKETKEKVKKLLEEAKERVEAIRAEGAAALAAAKAA,80.39,0.202,0.5928,SAFE,ACCEPTED
design_8,IEEETERKIAEVREEMREELEKLMKEYEEKLKKAKSEEEKEKIKKETKEKVKKLLEEAKERVEAIRAEGAAALAAAKAA,80.39,0.202,0.5928,SAFE,ACCEPTED
design_66,EEEKKEEELKKLESKEKLLECKAESLRKRAALSKDPAERAELLAKADEVKAEAEKVKKEREELKEK,84.36,0.199,0.5872,SAFE,ACCEPTED
design_66,EEEKKEEELKKLESKEKLLECKAESLRKRAALSKDPAERAELLAKADEVKAEAEKVKKEREELKEK,84.36,0.199,0.5872,SAFE,ACCEPTED
design_61,AEATAAQIAELEREAARLRRAAARKEAEAEELEARNKREGYNEELAKRAEALRRLAAALRARAAEVEARAEALRAAAA,81.82,0.1969,0.6145,SAFE,ACCEPTED
design_61,AEATAAQIAELEREAARLRRAAARKEAEAEELEARNKREGYNEELAKRAEALRRLAAALRARAAEVEARAEALRAAAA,81.82,0.1969,0.6145,SAFE,ACCEPTED
design_23,GPVAALRARAAALAAAIAEQEALIAKRDPARGAAIAAERAAAKAAKTAAARAAALAARAELGTAGLAALIAEHAALAAEIAALEA,78.66,0.19,0.5898,SAFE,ACCEPTED
design_23,GPVAALRARAAALAAAIAEQEALIAKRDPARGAAIAAERAAAKAAKTAAARAAALAARAELGTAGLAALIAEHAALAAEIAALEA,78.66,0.19,0.5898,SAFE,ACCEPTED
design_36,SEEEKKKKREEEIEKEMEEFDEALAEARAEADRLAAFDPAEAAAIKAELAAKEEEAKKLAEEAKKDPSKLKELRLLTGEVRSLAEKIRYRNEKLAA,78.62,0.1876,0.6456,SAFE,ACCEPTED
design_36,SEEEKKKKREEEIEKEMEEFDEALAEARAEADRLAAFDPAEAAAIKAELAAKEEEAKKLAEEAKKDPSKLKELRLLTGEVRSLAEKIRYRNEKLAA,78.62,0.1876,0.6456,SAFE,ACCEPTED
design_38,EEEERKKKEELKKLAEKLEEKAKEANEKAKEYEAKAKKLNAEAKKAAAEDKEKAAELNKQAEAYNKAAKAFKHRAEMYKEKAKEILKEIE,80.42,0.1823,0.6048,SAFE,ACCEPTED
design_38,EEEERKKKEELKKLAEKLEEKAKEANEKAKEYEAKAKKLNAEAKKAAAEDKEKAAELNKQAEAYNKAAKAFKHRAEMYKEKAKEILKEIE,80.42,0.1823,0.6048,SAFE,ACCEPTED
design_6,AEEKRRELVKTLAKVQELMDEALKAATEKHKPVMEKMIEDLKERLAAAKTLEERIAVMEEMKAEGHATLAKLAAEDPSVAEAMKKAKKLMDEALELVKKL,76.75,0.1809,0.4984,SAFE,ACCEPTED
design_6,AEEKRRELVKTLAKVQELMDEALKAATEKHKPVMEKMIEDLKERLAAAKTLEERIAVMEEMKAEGHATLAKLAAEDPSVAEAMKKAKKLMDEALELVKKL,76.75,0.1809,0.4984,SAFE,ACCEPTED
design_0,MEHLEELKEKTVESLEELAKELAKLNKELAKKVKAMAEKLKAATLEELPEVLKEFLKELEKIYKEVKKFGEEAKEALEKLEETINLTNALLARVLKLKEE,77.62,0.179,0.6451,SAFE,ACCEPTED
design_0,MEHLEELKEKTVESLEELAKELAKLNKELAKKVKAMAEKLKAATLEELPEVLKEFLKELEKIYKEVKKFGEEAKEALEKLEETINLTNALLARVLKLKEE,77.62,0.179,0.6451,SAFE,ACCEPTED
design_58,AAAAAAAAAAAAARAAARAEAAARLAEAAERRAEAERRRGEATRLLLTNPSTKAEYERIRAEVAAELAEAEALEAEARALLAAAA,81.06,0.1765,0.5939,SAFE,ACCEPTED
design_58,AAAAAAAAAAAAARAAARAEAAARLAEAAERRAEAERRRGEATRLLLTNPSTKAEYERIRAEVAAELAEAEALEAEARALLAAAA,81.06,0.1765,0.5939,SAFE,ACCEPTED
design_32,MELLEEYKKEKEKALKVANTLGKEVEKEVKKEFEEWEKLLEDPSKLPELLKKAKEQLKKLEEELKKKREERLAALERERAALREAAAAAALRAALE,79.24,0.1756,0.5665,SAFE,ACCEPTED
design_32,MELLEEYKKEKEKALKVANTLGKEVEKEVKKEFEEWEKLLEDPSKLPELLKKAKEQLKKLEEELKKKREERLAALERERAALREAAAAAALRAALE,79.24,0.1756,0.5665,SAFE,ACCEPTED
design_5,SEKAALEARIAELEAAAAAAEAAAAALREERLKLAEELKKNLAAGKEPTLLPEIEAAARAAHALLAEAGALRAEAAALKAKLAE,81.61,0.1737,0.6137,SAFE,ACCEPTED
design_5,SEKAALEARIAELEAAAAAAEAAAAALREERLKLAEELKKNLAAGKEPTLLPEIEAAARAAHALLAEAGALRAEAAALKAKLAE,81.61,0.1737,0.6137,SAFE,ACCEPTED
design_13,LSPEELARLAEELAAEAAARRARLLAELEALLARLGLEDLAAEARARLEAAPPEDWGRVACELRAEARRAARARAAAEAAAAAAAAAAAAAALA,80.05,0.1731,0.5953,SAFE,ACCEPTED
design_13,LSPEELARLAEELAAEAAARRARLLAELEALLARLGLEDLAAEARARLEAAPPEDWGRVACELRAEARRAARARAAAEAAAAAAAAAAAAAALA,80.05,0.1731,0.5953,SAFE,ACCEPTED
design_17,EAVAAAIAAALAAIEAARAAGDTEKARAIALALIDYLAPLLDEKTAKTLRAKAKLPSLEVAVDAAKEAAALAA,80.02,0.1668,0.6004,SAFE,ACCEPTED
design_17,EAVAAAIAAALAAIEAARAAGDTEKARAIALALIDYLAPLLDEKTAKTLRAKAKLPSLEVAVDAAKEAAALAA,80.02,0.1668,0.6004,SAFE,ACCEPTED
design_46,SAAEAAAAAAAAAAAAAEAALAANPELKAEEEERKRREEERRRRREEAERRKKEEEEEKKK,83.61,0.1667,0.5373,SAFE,ACCEPTED
design_46,SAAEAAAAAAAAAAAAAEAALAANPELKAEEEERKRREEERRRRREEAERRKKEEEEEKKK,83.61,0.1667,0.5373,SAFE,ACCEPTED
design_57,ALAAALAAAAARRAAARAEAEALRKEAEELLAKKGEEALEEVRLRRAEAVARLAAVEAEEAAA,81.2,0.1628,0.5299,SAFE,ACCEPTED
design_57,ALAAALAAAAARRAAARAEAEALRKEAEELLAKKGEEALEEVRLRRAEAVARLAAVEAEEAAA,81.2,0.1628,0.5299,SAFE,ACCEPTED
design_42,SPLLAEIAARRAAAEAELAARRRELVKKVAELIKKAKESESEEERKKLLEERKKLVKEEAAALAARAAALAAELAALEAAAE,82.11,0.1619,0.5657,SAFE,ACCEPTED
design_42,SPLLAEIAARRAAAEAELAARRRELVKKVAELIKKAKESESEEERKKLLEERKKLVKEEAAALAARAAALAAELAALEAAAE,82.11,0.1619,0.5657,SAFE,ACCEPTED
design_29,MDFEKTLKELEEKKKEAEELQKNEEIKELAKELLELLEKAKELVEESKELLAKSPETAVLGNIKLAEAKSLLKEAEKKYEELKKKYKEVKEK,79.75,0.1578,0.6086,SAFE,ACCEPTED
design_29,MDFEKTLKELEEKKKEAEELQKNEEIKELAKELLELLEKAKELVEESKELLAKSPETAVLGNIKLAEAKSLLKEAEKKYEELKKKYKEVKEK,79.75,0.1578,0.6086,SAFE,ACCEPTED
design_53,AAAAAARAARDAEIAKLQAELEKLEKEIEEIRKKKKELADEYCKLKKEDPEKAKEFEKKMKKELEKLEEEYEEKHKKAVEVKAKLEALLAAREAE,79.56,0.1505,0.5916,SAFE,ACCEPTED
design_53,AAAAAARAARDAEIAKLQAELEKLEKEIEEIRKKKKELADEYCKLKKEDPEKAKEFEKKMKKELEKLEEEYEEKHKKAVEVKAKLEALLAAREAE,79.56,0.1505,0.5916,SAFE,ACCEPTED
design_22,KEELKKKLEEKEKEVKEIKEALEKALEAYRERLTARAEAEEARFRAAGDLAAAEEARAEAEARLAKFEEMKKEEIEKLEEELEKLKKEIEEKL,80.64,0.1363,0.4672,SAFE,ACCEPTED
design_22,KEELKKKLEEKEKEVKEIKEALEKALEAYRERLTARAEAEEARFRAAGDLAAAEEARAEAEARLAKFEEMKKEEIEKLEEELEKLKKEIEEKL,80.64,0.1363,0.4672,SAFE,ACCEPTED
design_26,MEELLKKKEEEKKKEEEEEKKEKEELEELKKKLKEYEELEELNPRAKEKAAEVKKKIEELEAKRKEREKEKE,84.01,0.1355,0.5377,SAFE,ACCEPTED
design_26,MEELLKKKEEEKKKEEEEEKKEKEELEELKKKLKEYEELEELNPRAKEKAAEVKKKIEELEAKRKEREKEKE,84.01,0.1355,0.5377,SAFE,ACCEPTED
batch2_design_1,KREEEAEVARELKRMVEELEARRDEAEALGAATTPEAAARLRAVNAEAWRELGKMKPETAEAIRAARDELAARIDAALAAIRAALA,78.73,0.1311,0.5334,SAFE,ACCEPTED
batch2_design_1,KREEEAEVARELKRMVEELEARRDEAEALGAATTPEAAARLRAVNAEAWRELGKMKPETAEAIRAARDELAARIDAALAAIRAALA,78.73,0.1311,0.5334,SAFE,ACCEPTED
design_55,AAERLLVLLYALAAALVALLLAGALPAVAALLAGPLSALVLAALALGLALAAIVAAAIAADPRAIADLARFAQKMARLLAAILAELAEAAAAALA,76.15,0.1285,0.4597,SAFE,ACCEPTED
design_55,AAERLLVLLYALAAALVALLLAGALPAVAALLAGPLSALVLAALALGLALAAIVAAAIAADPRAIADLARFAQKMARLLAAILAELAEAAAAALA,76.15,0.1285,0.4597,SAFE,ACCEPTED
design_7,SPEELKKLEEAKKKAEEEAKKEAEEEKKKAKKLEEAEKIARERREAAEAAAAAAAAAAAEAAAAAAAAAAE,87.67,0.1277,0.5029,SAFE,ACCEPTED
design_7,SPEELKKLEEAKKKAEEEAKKEAEEEKKKAKKLEEAEKIARERREAAEAAAAAAAAAAAEAAAAAAAAAAE,87.67,0.1277,0.5029,SAFE,ACCEPTED
design_45,AAAAAAAALIDAVARRAEGAAREAVHLYDQDPAAAAALRAELEAEIAALRATPVGRLAADRAAAIAARIEAEHAAKRAAAAA,79.09,0.1208,0.5417,SAFE,ACCEPTED
design_45,AAAAAAAALIDAVARRAEGAAREAVHLYDQDPAAAAALRAELEAEIAALRATPVGRLAADRAAAIAARIEAEHAAKRAAAAA,79.09,0.1208,0.5417,SAFE,ACCEPTED
design_19,SAAEARAAARANRRRAAEMVAEALYLDPELAEALAAALAAASPEQVEAIAAAVERCLALEKEKGLEAARACLRALLAELA,77.78,0.1187,0.5285,SAFE,ACCEPTED
design_19,SAAEARAAARANRRRAAEMVAEALYLDPELAEALAAALAAASPEQVEAIAAAVERCLALEKEKGLEAARACLRALLAELA,77.78,0.1187,0.5285,SAFE,ACCEPTED
design_28,AAAAAAAAAAAAAAAAAAAAAAAAAAAAAAAALAAEAARKAEAAALTPEEAEALKMKRKKEEFEEEKKRKEEEEK,82.05,0.117,0.473,SAFE,ACCEPTED
design_28,AAAAAAAAAAAAAAAAAAAAAAAAAAAAAAAALAAEAARKAEAAALTPEEAEALKMKRKKEEFEEEKKRKEEEEK,82.05,0.117,0.473,SAFE,ACCEPTED
design_56,SLEEEKKKEEEKKKLEEEAKELEKKKEELKKKREELLAQAAAAEAAGDKEKAAKLKAEAKELEKKIGELESKLRRVKAK,82.58,0.1109,0.5366,SAFE,ACCEPTED
design_56,SLEEEKKKEEEKKKLEEEAKELEKKKEELKKKREELLAQAAAAEAAGDKEKAAKLKAEAKELEKKIGELESKLRRVKAK,82.58,0.1109,0.5366,SAFE,ACCEPTED
design_49,AAAALAAELAAKKEKLAAAEKETKEYKEEVEKKVKELGPSEESEELNREMAEKEAELAKLKKELEAAEAAAKAKLA,84.47,0.1089,0.5271,SAFE,ACCEPTED
design_49,AAAALAAELAAKKEKLAAAEKETKEYKEEVEKKVKELGPSEESEELNREMAEKEAELAKLKKELEAAEAAAKAKLA,84.47,0.1089,0.5271,SAFE,ACCEPTED
design_11,AEAVAAAREAALAAVEAAAARARAGLARAADYAAARLAAAAARAPPEQRALLAARLAEYAAAAAAVAGAAALAALRAAGKAAAAAAAEAAAAA,78.58,0.0924,0.4349,SAFE,ACCEPTED
design_11,AEAVAAAREAALAAVEAAAARARAGLARAADYAAARLAAAAARAPPEQRALLAARLAEYAAAAAAVAGAAALAALRAAGKAAAAAAAEAAAAA,78.58,0.0924,0.4349,SAFE,ACCEPTED
design_27,AAAAAAAAAAAAIAAAKAAEAALKEKAKETKKLMELLEELKKNPETKPLAEAFLEKNKEEFEKLLAIYKEIEEYEENKKKAEK,80.02,0.0916,0.4448,SAFE,ACCEPTED
design_27,AAAAAAAAAAAAIAAAKAAEAALKEKAKETKKLMELLEELKKNPETKPLAEAFLEKNKEEFEKLLAIYKEIEEYEENKKKAEK,80.02,0.0916,0.4448,SAFE,ACCEPTED
design_44,PEKVAEECAKQAAALEAEAAAQAAALDAETAARQAADPARAAEIAAAAAAQRAELAAQVAKQLEELELECKKKIYE,82.4,0.0816,0.5112,SAFE,ACCEPTED
design_44,PEKVAEECAKQAAALEAEAAAQAAALDAETAARQAADPARAAEIAAAAAAQRAELAAQVAKQLEELELECKKKIYE,82.4,0.0816,0.5112,SAFE,ACCEPTED
design_60,LPALLAALLALLALALEGLLRLVLALFRSPLWIVILLILTLIALLIELILNLLNPKLAEIFKKIFTAILLILLSL,78.82,0.0791,0.4616,SAFE,ACCEPTED
design_60,LPALLAALLALLALALEGLLRLVLALFRSPLWIVILLILTLIALLIELILNLLNPKLAEIFKKIFTAILLILLSL,78.82,0.0791,0.4616,SAFE,ACCEPTED
