Name,Score,Sequence
batch2_design_264,0.9825,KKCVICLTPGNKLCIFCKEEGCKGSEESCGWVKLKCGHEFHANCLGLWHSHFKECPICFKPLEIEYSGS/MSEKAKELREKIKELGAAAIGLLLRAGFKEMAEKLYELLKKGDFEGLIKEVKEAAEELKKAGSKYAPILEEIAKKMKELLKKLKEEE
batch2_design_114,1.0025,DFCVICLTPANKLCLMCEFEGCKGSPESCGWTELKCGHKFHSVCLSEWLAKHKECPICAEPVEIKRSGS/SELKEKIEKLKEEAKKLREKAKEKKEEAKKKLEEAEKLEKEAKEDPSKKEELEKKAKKLREEAKKLLEEAKKLMEEANEKELEAKKLEKELK
design_17,1.0053,KKCVICDTPANKCCADCKEEGCEGSPESCGWAKLKCGHEFHAICLKEWNKISKNCPVCNKPLEIEEEKE/EEIKKKCEEALKKLEEAVEKGNTEEAQKIALELIEYLKPLLDEETAKALADRAKMPSIEVAKKAAEEAVKLAL
design_34,1.0057,GKCVICDTPANKCCLECKLAGCKGSPESCGWAKLKCGHEEHARCLARWLAVSDTCPVCGEPVEVEECGS/MTPEEKLREAERLEKLAARLDALVAEAEAAAADPRAAITRLLRALVAVDEAAAAAARAAVDAALAAGDVQAALEAALAAARAEAARLRAEAAALRAEVA
batch2_design_208,1.0084,ERCVICDTPAAALCAPAAAAGAAGSPASAGWVELKCGHKECKICLDRHLAKNKTCPICKKPLEIKSSGS/EAAAARAAAEAAAAARVAAAEAAQAAALAALAAADAAAAAAAAAAAAAAIAAARRAAAQAVAAADAAIAAAAQAPARAAAAAAAAAAAAAAAAAAA
batch2_design_337,1.0186,KECVICDTPLNKCCLLEKEEKPKGSPESSGYTKLKNGHEFCSICLSEWLKKNKNCPLCKKPLEIEESGE/EEARWARARALLERAAAAAGTAAEAEELLARLRSLSDEALDLLGERLLKTLKDEELREALRRLAAETGLPLGVAAALARLLAKCSPEVRRELLAEF
batch2_design_217,1.0199,KKCVLCLRPANKLCLLCEEDGCEGSPESCGFAKLKCGHEFCSICLDEWLKVNKNCPVCKKPIEIEEDGS/AEKEALGARIDALIAAWRAEAARLAALDPEAAARLRELADALEKNKEAILSKSPEEAERILARWQARADALRAAGLAAAA
batch2_design_177,1.0199,GKCVICNTPLNKLCADCKAAGCKGSPESCGYTRLKCGHEFHANCLSLWLSVRKTCPVCKKPAEIASSGS/AAAAAELAARQAEADARAAALEARLAEVEARLAELEARRSELTEEQLKKLEEAKEHVAKAKEYLALAKASTGNERFAYLVAAEIELEEAEAILAEIEAE
batch2_design_231,1.022,EKCPICDTPGNKLCYFCKEKGCEGDPESCGWVEGKNGHTFHARCASIWLEDFKTCPLCGEPWEVKSSGS/GLEEEIKRARERAEALKKIVEAKDDLEKALEIAEKLPELEEIKEILKKAIEYKKEGNEEKATILMNAAIARARKLREEEEARAAELERRLA
batch2_design_158,1.0235,KKCVLCDTPLNKLCRADAALGAKGNPESSGWATLKCGHEEHAICLSKWRAVSDKCVLCEKPIEIEKEGS/ALAAAAAAAAAAAARAARLAALAAEIAALPARLAALAALAAEAAALGLAEEAAELRALLAELEAAAAADPLLALGLLRAKQPRIDAIRAAIAAAKAAA
batch2_design_197,1.0253,KKCVLCDTPANKLCYWCKEEGCKGSPESCGWAKLKNGHEFCAICLEKWLAEHEECPLCNEPVEIEKRES/EEEEKIERLLKLYEEEKKKAEELLKKAKEEAENGSKEEALKLLKEAKEALNRARALALALGKYEKTKELAEKKLEEIEKMLAELEKLEKELKA
batch2_design_65,1.0282,EKCVLCNTPGNKLCYFCKEEGCKGSPESCGWAELECGHKFHAICLNKWLKINKTCPVCRKPVKIKKKEK/LAAAAAELAALREEAEKDKELSLEEVLAAALAYMRDALGCEVAADLLEDALKKAKEKKELYEKYKPKIERLLADARARGAALTAAALAAAAAAAAAA
batch2_design_3,1.0311,KKCVICDTPGNQLCVWCRVAGCAGSPETCGWTKLKNGHEFHSICLSRHNSLYSTCPICLEPLEIEYSGS/SQTQAQLDAQYAATKKKLEEALELAEEAAKKYGSEELKKYAEKLKELKKEAEELHKKKTPEALEKLQEIRNEVVVIKGEILKKVEEAEKK
batch2_design_52,1.0328,SHCPLCDTPGNGPCRRCAADGCPGSPESCGWAELECGHTFHARCLAEWLAEHETCPLCGRPLRIARDGE/RRAELEALRAAAAAAAARRAELEARLEALEAAAPAVAAAAAADPANAAAIRAAHEAELAALRAELLAARREAARLRARAAALE
batch2_design_218,1.0336,GTCPLCGTPANKCCRECAKKGCKGNPESCGWCELKCGHTFHAICLSKWLAENKTCPLCKKPAEIKKCGS/ALAAEADALLAAAEAAAAALVAAAAAAAAAVAATGTPEEAAAAAEALRAARAAAVALVNAARRRAEELRAA
batch2_design_279,1.0358,KKCVLCNTPANKLCLLCKELGCEGSPESCGWAKLKCGHEFHSICLSLWLSKNKTCPVCKKPAEIEYDGE/LKELIKKALEEAKKKAEEAKAEAAKLEAQAAKLGPAAKAEADAAKKKAEELEYQAEVLEERLK
design_18,1.0367,KKCVLCETPANKLCALEKAAGYKGSPESAGWAKLKCGHEFHKICLDKWLSLNKNCPICKKPLEIEEDEE/EAEEKAEELRKEMEKLLEKAKELAKEKENAEELKKKIEEAEKKLKEAWKLAEEGEFEYAEALAKETFNELYFAARAASEELAKIIEEAKRLAEEAFKVLK
batch2_design_164,1.0373,KKCVICNTPLNELCAECKEKGCKGSPKSCGWATLECGHEEHAICLSEWLSKNSKCPICKKPAKIKKSGK/MVEKRRKAIEAAEKAIKELEKKIKELEEKKKELEKEGKEEEAKKLEEKIKKLEKKKKELEEKRRKVMKEGEKYLEELEKAVKEAKKLIKETKEYLKKL
batch2_design_194,1.0377,SHCEICNTPANKLCVFCAAAGCKGSPESCGWATLKNGHEQCSICLSEWLKENKVCLLCAKPVEIEKCEK/SKELEEKIKELEEKAKEELAKARALQAEAAAAAAAAAALKAQAAAAAAAGADAAAVAALQAEAAAAAAAAAALNAQAAAAKAKARELQKEILKLKQG
batch2_design_58,1.038,EKCVICNTPANKLCKDCKAKGCPGSPESCGYVELKCGHKFHSICYSEWLKENENCPICKKPAEIEYCGS/GVAEARAAAAAAAAAAAAAAAAAAPAAAAAAAAAAAAGPAAAAAAAAAAAAAAAAAAAAAAAA
design_58,1.0385,DRCVICDTPGNGPCAECREAGCKGSPESCGWAELKCGHSYHSICLSKWYKNNKNCPICKKPLEIKKSEK/AAAAAAAEAAAAAAAAARAEAAALRAEAAARLAEARRREALATRALLTNPENAEEAAAVRAAVAAERAAAKAALAAAAALEAAAA
batch2_design_277,1.039,KFCVICDTPLNKLCFDCKKKGCKGSPESCGWAELKCGHEYHKICLDEWLAVNDKCPVCKEPVEIEYDGE/KEEELKKLKEEYKKHKKALLEAAKAGDLGKAKEEAKKLAEAALEIVKLDPSLAEEIFKEAEELLEEITKINKRIATVFKEEFEELKKEVEKYLKE
batch2_design_216,1.0441,GRCVLCDTPANRLCLTERFAGHAGSPESAGWVRLKNGHEFHAICAERWLAEHDVCVVCGEPAEVEERGE/AEALAAARAAAAAAAARRDAAVAALRAAAARQEARAAELRAEGRERQAALYRARAERLRAEAEALAAARDAEAAAAAAALA
design_62,1.0443,GKCVICGTPANKLCLDCKEEGCEGDPESCGWAKLKCGHVQHAICLRRWLAENKNCPLCKKPVEIEEEGE/SEEQELLERALRLVREARRELARAAAEGPEEVARLVGLVLRAKELIAKIKTHAEELKPLMDETLALAKTAEENPEATAAALDALEARLEELL
batch2_design_139,1.0454,GKCVLCDTPANKLCAICEALGCEGSPESCGWAELKNGHTFHAICLAKWKAKHKECPVCAEPLEIAKDEE/EEEERLKKLKERLEKLKKLAEELKAKREAALAAGDEKKAKAYELLLEAKEEKIKEIEEVIKK
batch2_design_199,1.0454,SKCVICDTPANKCCLECKYKGCKGSPESCGWATLKCGHEYHAKCLKEWLKKSKYCLVCAKPVEIEKEEE/YPLEELEKEAKELEEEAKKLKKEAEELIKKFNEEYEELLKKDKEEAEKYRKEKMEEILKIIKEYNKKKKKSLELKEKIKKLKE
batch2_design_57,1.0455,DKCVICDTPLNKCCAECAAAGCKGSKKSCGWVELKNGHKFHSKCYKEWLALNKVCPVCEKPAEVKKSGK/SEKMQPAIDRAEAWIAELLGDPAAAAALSARLRAEVAACKTMAEAARAIAATRREAVALAAA
batch2_design_109,1.047,KKCVICDTPANKLCALCAAEGCAGSPESCGWVKLKNGHIFHARCLKKWLKKNKNCIICKKPVEIEEEEE/SAAAARAARIAELEARRAELLAEAQKKKAEIAELKVELKIKEYEYEKLAEKSEELKKKTEEELKKIKEETEKKIKELEEERKRLEEEAAALAAEAAELRA
batch2_design_122,1.0473,KKCVICDTPLAKCCALCKVEGCEGNPESCGWARLKNGHEECARCLKEWLKENKTCYICKKPVEIESCGE/SMKKEEAEKVAKEEEKKLEEKKEEYLKKLEELAKKNKDSPEAEEYKKAKHEVEKVYRQALAKIKELKKKGDIEGIKEVAKEALEKMEEILKKC
batch2_design_66,1.0477,GKCVICDTPKNKLCYLCKKEGCKGNPESCGWVELKCGHEFHSICASIWNKKHKTCPLCKKPLEVKYDGK/EEKKKELEEEAERLAARAAALAAELAARAKERAAWKAELAALRAAGGDPAREAALEARIAAFEALEEERRALEARRLYLEERIKE
batch2_design_276,1.0508,EKCVLCDTPLNKLCYPCKKKGCEGSPESCGWTELKCGHKFHSICLSIWLSKNKKCPICEKPVEIKESGE/AAAERAAKLRAEAKEYELLSARYLLDPETKELGDKLAALADKLRAEAAALAAGDKAEAAKLAAEAAALKKEVEALLAELEAKEKAA
batch2_design_188,1.0509,EKCVICNTPANKLCGLCKEKGCKGSPESCGYVKGKNGHEECSICAGLWLSVHSTCPVCKEPWEVEEDGS/DAAVAALRAALDALEALAAEVADPATVDRLRAVAAEVEALLEKGAVLRAAALVERFAAEFGPRLLALAEATSAEAAERIAAALAALRAAAEALVAAA
batch2_design_72,1.0514,EKCVLCDTPANKCCYDCKEAGCKGSPESCGWAELECGHTFHSRCLSEWLAAEDTCPVCNKPAKIKSSGS/AEAARQARIAALNARAAAAEARAAEYEALAAAAKAAGNKALARFYENRAARYREHAAVYRRAADLLAAGRALTPEERAALAAVEAYFAEEEARRAN
batch2_design_354,1.0522,SECVICQTPANKLCATRKIEGYKGSPESDGWVECKCGHEFCSICASKWLSVNKVCPICGEPFEIKKSGK/SKKELEELKKKMIELRKKYQELRFEAMKKLDELGEKELRRALALAKTAEELEELAKRAAEIDPEVAKILREAVKALREAEKLEKEIEELE
batch2_design_74,1.0529,ERCVICNTPGRGPCGRCAEEGCSGSPESCGWVELECGHSFHARCAARWLALSETCPVCGRPLRVAAAGS/AREEADAALRELAAWLRELGLEELAARVEAALELSLEEARDVLEELLGELLAAAETPARREAALRAREVLALLRELLK
batch2_design_102,1.0533,SKCVICDTPANKLCGKCKEEGCKGSPESCGWTECECGHEFHSICLGEWLKKHKTCPICKKPVKIKKSGR/VAEKIEEAAKEIKEFREKYKEKLSEEELKKLEEMAKELEELALLAKGGANKEELEKKAEEIKKEAEEFKEEFLKKL
batch2_design_359,1.0535,GFCEICLTPADSLCLEQRVAGYEGNPESAGWVKLKNGHEFHSICLSEWLAKHSTCPVCKKPLEIEEDGE/AAEAEEAELAAREAALRARLEAQIAAAEARAASGEAAEAAARLAAAYRALLDGERLRETARILLATEKAFGPEAAERALAGILRRVE
batch2_design_30,1.0537,DFCALCDTPADGLCAAQAAAGYAGDPASAGWVKLKCGHTFHAICADAWLAENEVCPLCEQPAEVEERGE/SAAAALEAAAAAAAAAAAAAAAAAEAAAARAAAVEARRRAPPAEARAALEARRAAAAAAALAAA
batch2_design_176,1.0539,KKCVICNTPGNKLCLLEKKEGCKGSPESCGWVKLKCGHEFHSICLDRWLKVNKTCPICKKPAEIEERKE/TEARIAELRRLAEALRNALIGIKTAAALDPELAAKVALAAFDQLIAESNPETAAELEKRRAELEALAKEDVKAAVEEALRWLEEETARLEAEAAALEAAL
batch2_design_251,1.055,KKCPLCDTPANKLCAKEEEEGCKGSKESCGWTKLKCGHEFHSICLKKWLAENKNCPICNKPAEIEKDGS/EERRAAFLAELKALKAELAAVVAAGGAGAKEAYERYKPVVEQRLQRAEFLGDEEALAVAKEAAALVAQLGA
batch2_design_88,1.0553,GRCVICDTPLNGPCALRAAEGCEGSPESCGWVRLKCGHEEHAICAAEWLAAHKTCPVCEKPAEIEYSGE/DALRRAVAALEARAAAAEARAARLAAAAAASKDPEEKAALAKEAALWEAEAAALRAAAAALAAEAAAAAAAAAAAAAA
batch2_design_260,1.0557,KKCPICNTPGKKLCKDCKKKGCKGSEESCGWAELKNGHEFHAICLSKWRSLTKTCPICKKPLEIKKEDK/SAAERAARTAAARARALAAAEKHIEEAEKEAKELKEKGAKKEEIKKLAEEHIEKLRAEMDAAAAEARAAGDEATAAVVREVAEMGANLIKYIAEKVIE
batch2_design_148,1.0558,DFCVLCNRPGNKCCALCALLGCKGNPESCGWAKLKNNHSFCAICLSEWLAENTTCPLCGEPLEIEYSGS/AREAELAAAEAAAAALAAEARRLAARVAALRREAAALDALLAAAGVPAAERDALLAPVRAAAAAAAAAAAAARAAAAAAAAAAAALA
batch2_design_229,1.0563,KKCVLCNTPANKLCVTCKELGCKGSKESCGWAKLKCGHEFHSKCLSLWLKYNKNCPICNKPVEIEKSGK/ELEKKLEAYKLAYEGYKLLQDPEKREEGIELIEKAAELIGEEFQPLKDEVLAAAEDGETAEEVAKRFGALMKAQAEALEKKLK
batch2_design_225,1.0571,KKCVICDTPLNKLCALEKEEGYKGSPESSGWAKLKCGHEQHAICLSLWLSEYEECVLCLEPIEIESCGE/KIEKLYKKLEEIIERIEELIERGESRREVLNLMNAAKAIVEKMEKLAEESGSEEDKKIAEEAKKRYEEAKKRVEEWLKEQE
design_63,1.0573,KKCVLCNRPLNTLCAEEKAAGCKGSPESCGWVELKCGHEFCAICYGKWLSVNDKCPVCKKPAEVKKSGK/MENLEYIKKKCEELLELAKKLAKALELFLGDKEKAEKVVKEAKELCEKLLKEKLPKEEVEKIYKERKEKLEELLKKAMKS
batch2_design_162,1.0574,KECVICGTPLNKLCALRKKLGYKGSPESAGWAKLKCGHEFCAICLGKWLKANDKCVVCNEPLEIEESGS/AEELLKESQEKVKKAIERFKKEMEEAPEEKKPIWEKVLEEVEKLLKEAGITIEELISIAKTKAEVDEESKEAYEKLVEILEKEL
design_52,1.0584,GECIICLTPAKKLCIEEKEEGCEGDPESCGWVELECGHEECAICLDEWLAVNDTCPVCKKPAKVKSRGS/MEEEKKKREEELFKLYKEQLKKAAEKAKDKEKTEKAIKYMKRLVKASLKLSKELAKELMELAIELLKELAKENPEHKELLEKAKKEIEELLKKL
batch2_design_252,1.0585,GKCVICNTPANGPCAECAADGPKGSPESCGWVELKCGHEFHARCAEEWYAKNKTCPVCLKPLEIAKREE/AAAAAAAAAAAARARRAAILAARVAELAAAEAELRARAAASTPEEAAGYLRLAEILAEKRAALAARQAKLQAA
batch2_design_346,1.0593,EECVLCRTPGRKLCLTCAAAGCKGSPETCGWAKLKCGHEFHAICLNAWLSLNKNCPVCKKPLEIEKEES/PEMVVLLAELQALAREAAALAAEAAADAAATLARARALAAELAALRARAAEVAAAGAPATAAEHFAALAAEVAAALAALAAAAAAALAAAAAAAA
batch2_design_299,1.0601,GECIICATPANQLCLDCRLEGCEGSPESCGWVKLECGHEFHKICADKWLAEHDVCPVCNKPAKIASSEE/ATPEELRERIAAIERLIALTRAAPPAAAVHLTICVLDQVAALAELLGDAELAAAARAARDALRADPSVYPEALAQAQALLEQLAARVAAA
batch2_design_210,1.0603,SHCEICNTPANKLCADQKYLGYKGSTESAGWAKLKNGHEFHSICLKEHLALFKNCLVCKKPLEIEKDEK/EKVKKELLANIAKLRAYAHQLRLLGREEEAEALEKEIEELEKLGKDPSKLEEAAARAKELVARCEAERKALAA
batch2_design_42,1.0609,KKCVICNTPLKKLCASCKWEGCKGSPESCGYVKLKCGHEFHAICYKKWLSVSDVCPVCQKPAEVEEEGE/MKKLEEAKKLKEEAKEVKEKAEEGKKYLEEYKKYREEFLEEYCKRLGLSPEECEKLKKELQPFFDEEIKKIEEAIKKLEEEAKKLEEKAKKLEEEIKK
batch2_design_357,1.0626,KFCSICDTPLNKLCADCERAGCKGSPESCGWVKLKCGHEFHKICAEKWLAVSDVCPLCLEPAEVEKSEE/ATRPTLTELRLAARLAEAAARLLEAGEDVARAQRYLGVALATLAKARPELAARCAALAAEAAAASREELLALAREVAEEVRRLAEEAR
design_6,1.0627,KKCEICSTPLNKCCRFCKEAGCEGSPESCGWAKLKNGHEYHSHCLGLWLKYSDKCFLCGKPVEIEEDKE/AEEAADRWAATLALVQERLDAALAAAPAEHRPAWEALRAALKERLSAAETLEEARAAMAAAAAEARALAAALAAADPAVAAACARAAALVDEAAAAVAAL
batch2_design_211,1.0633,EKCVICNTPGNSLCADCKEEGCEGSPESCGWVELKCGHKFCSRCMSRWAAVHKTCPVCRKPLEIKYSGS/AAAAAAAAVRAEAAAAKAEAEALAAEGLEGLEKALELAKAAAAAFQARANEAVRAGDAATAEEAFAAAREMKAKAAALAAEREALLREREAAAARAAALA
batch2_design_135,1.0639,KFCEICNTPARKLCAPCKEKGCAGSPESCGWAKLKNGHEEHAICLDVWLSKYKECPVCGKPVEIEYRGE/MERAKESIEKKVKELKKLAEEAKKELTPEEAKKVEELVEKLEKNAKDLSKLDEALKTARELKELFEKTGTEEAKKAAREARTLESLLLYIKE
design_8,1.064,KECVICLTPLNKLCARERLEGCEGSPESCGWVKLKNGHEFHSICLKEWLSKFKECILCQEPAEIEEDEE/LEEEGEREIARVREEYRKKMEELAEEREKKLAEAKSEEEKEEIKKETKEEVLKLREEARERVERIREEYRRRLEEEERR
batch2_design_360,1.0641,SKCTICNTPANKLCVLCKEEGCEGSPESCGWVKLKCGHEYHSRCYSEWLSVLDVCPECLEPAEIEESGS/SEEEREEELKRRREELRERAARLRELAEETPEVQRKVLALVENAERMLERSEELGLEQAERLLEHAERLIEEAR
batch2_design_8,1.0644,ERCVICATPANGLCAEQRAAGCKGSPESCGWTKLKNGHEEHSICLERWLARHKNCPVCQKPVEIEESGR/EEEERIARLEAAVEEARARLAEDPEAADAFALAKLAEIDPGLAPSLAELPLEERLALLAERAERAREIAEARRAAAAAAAAAAAAAAAAAAAAAAAAAAA
batch2_design_289,1.0651,KKCYICGTPANKLCRECKKKGCKGSKKSCGWAKLKCGHEFHAICLKKWLKEHKTCPICNKPVEIEKSGK/AAAELAARDARIAALDAEIARLDAEIAEAKEIAKSNPEFAAAQAARFQAERDALRAERAALEAERAAARAA
design_66,1.0655,KKCVICNTPANKLCIECAVKGCKGSEESCGWAKLKCGHEFHAICLKKWLEKNKECPICNEPVEIEEEEE/SEKEREEEIKKLKSEEKLLELEAESLRIRAELSKDEEEKKKLLAKAEEVKKKAEEVRKKREELLKE
batch2_design_33,1.0664,KYCPICDRPANKLCADCEKEGCKGSKESCGWVKLKCGHEFHARCLNAWLKVSKNCPLCGKPAEIEESGE/MLEELVEEAERRLEELEAELKKAKESGSVSELNRVLRRFIELLEELKRLAEEYPEGRERFEKLAERAEKLAKEAAEEAAKLMKEKE
design_26,1.0668,KKCVICDTPLNKLCADCKEKGCKGSPESCGWAKLKNGHEFHSICLSEWLKENKNCPICKKPIEIESSGS/AAAAAAAAAAAAAAAAAALAAREAKLAALKAELARAKELEKLNPKAKERAAALAAEIAALEAAAAEAAAAAA
batch2_design_281,1.0669,EYCVLCLTPGNGPCWFCKEEGCEGSPESCGWVELKCGHTFHAICAGIWHSVHSTCPVCGKPMEIKSCGS/AAQALVDAARAELRAAAAAAAAELAAAAAAHPALAPVCAALRAELAAALAAANTRLERARTLSLEEAKAVAERARAAFAAALAAQRARLAAALAAVAA
batch2_design_132,1.0676,SFCEICDTPANKCCVLCEEEGCEGSPESCGWSKLKCGHEFHSICLSLWHAVLKNCPVCEEPIEIEYSGS/MEETQERALALLRRARELLARGEALAAAASPEEGAAILKAALEEAGAIHREAAALIAAAGSPELAAKAAALEARRLAALARRKAEVEAAL
design_3,1.069,KHCYLCDTPANKLCEECKEEGCKGNPESCGWVELENGHEFHAKCLGEWLKENKVCPVCNKPAKIKKKEK/EEEREKLLEKIEKLIEEAEALVKKLKNAKEVLAELDKAKKYLKEGDLDKAMEELRKAAVLLKKEPEAEEALRLVCRALNLVVKLK
batch2_design_193,1.0697,KKCEICNTPLNQLCAGCREEGCEGSPESCGWAKCKCGHEFHARCLREWLEEHKVCPICLEPLEIEKEEE/KEEELERAREELEELEERLREVEARIAALAADPATRPEADALAAEARAELDEFREKIKRLAKERKEISEELEKLLVRLDLLARQFETAVARARAAAG
batch2_design_159,1.0712,KKCVLCNTPLKKCCAECKEKGCKGSPESCGYVKLKNGHEFHSICLSTWLKVSKVCPVCKKPAEIEESGS/LSDEEFEKLLEENPVLAMNLCESKAAELNAKAAELAKDPAKAEEAAKLKAEAAKYEARAAEAKAKIAA
design_10,1.0714,EKCEICDTPGNKLCLLCKERGCKGNPESCGWVELKCGHKFHARCAREWRAVHDTCPICGEKLEIEKEEE/KELEKELEKAKEEHKKYRREALELRERAAAARAAAKAVAAEAAADPARAAELAAEAAALEAEAAALEAEAEAAMEKSYEYLKKRVELEKEIKEK
batch2_design_39,1.0716,GKCEICNTPANKLCLECEFNGCEGSPESCGWVELENGHTFHAICLSKWLAKNKNCPICNKPLKIKSSGS/MTREEQIAHLKRQAEIYEEAAEKYKKIYEELKKKYDELEAKAKTGGPELKEKAKEVKKKADEAKKKYEELKKKMEEYKKKAEELE
batch2_design_206,1.0727,EFCVICNTPGNKCCSFCKEEGCKGNPESCGWAKLKCGHSYCSICLSKWLAKNKNCPLCKKPMKVEEDGS/SKEKEEAEKKEAKKKAEEYLKKLEELLKKLEELLKEVEKIDKEKAKEVKKKLEEIEKLVAQAKGKLIYGDYKGALKTAQEALEKAEKLLKEVEELLKKMK
batch2_design_245,1.0734,KECVLCDTPLNKLCALEEVAGYKGSPESAGFVKLKNGHEFHKICADEWLAENKVCPICNEPLEIEEDEE/SAEQLAALRARLARLEARVARLRAELEAAEAELAATKKTGTPEEAAALEKKVAALRLQLEAAERALARVRAALAALEAAL
batch2_design_11,1.0755,KYCVICNRPANKCCLFCEALGCEGSPESCGWAKLKNGHEYHARCLSLWRAEHDTCVECGEPLEIEESGS/EEEALAALLRERARARAELRAARARLAALRARCAAELAALQAAGDAEALAALQAACAAELAALEAEIAALEARLAALEAELEARRAALAAA
design_15,1.0763,KKCVICNTPANKLCLGCREEGCKGSPESCGWVKFKNGHEECAICAGKWLAKHKNCPLCKKPMEIEKSGK/SEIEKLKKEAEKLKKEAEKKREEALKAREELFAAPAEKRPELLAKQKELVEEADKLKKEAEEKKKKAEELEKKA
batch2_design_192,1.0764,GRCVLCDTPKNRLCALCRAEGCEGSPESCGWVELECGHSFHARCLDEWLAKHKTCPVCGKPAKIKKRGE/DALLAALRAEAARLRAAAAELRAERDARIAALKAAGASEEEIQAEDERWEAEIERLERRAAGVEAEAARLE
batch2_design_100,1.0764,ERCVLCNTPGRKLCAPCKVAGCEGSPESCGWVRLKCGHEFCAICYRRWLARHADCPLCGEPAEVEEEGE/EEERREAIAAAEAALAAAEAALDALRAADAAWEARIAAAAGRPEELALLAEAAAAFAAAAASPSATTAAAARARAARYRALLEARRAAA
design_0,1.0769,EKCVICNTPANGLCWFCKEEGCEGNPESCGWVTLKCGHKFCAICAAKWAARHDKCPLCGKPMEVEEEGE/MEHLEELKATTVAALAALAALLAKLDAALAAEVAAMQARLAAATLEELPEVLTEFLEKLEKIYKEAKKFGEAAKELLAALEDAINLTNALKARVEKLKAE
batch2_design_96,1.0769,EKCVICNTPANGLCADCKAAGCKGSPESCGWAELKNGHTFHARCLSKWLAEHKNCPVCNKPLEIKYCGK/EEELAKLKAEAAKWEAEAKALEAELKAAIEAGAPHEEILALHQKRAEAKAKAGELKLKIKELE
batch2_design_328,1.077,EKCVLCNTPANKLCAGQAEAGYEGSPESAGYTKLKCGHEFHSICLSKWHKKNKNCPICKKPLEIEESGS/MQALLDAAEARLAAHLAALAERLAALSGRPEDRALMEETRERALNRFRAGDVEGAGAVVRAAAERLGLTEQADALAAEVTARCRALQAEIEAAK
batch2_design_268,1.0772,KRCVLCDTPGNSLCWLCKLLGCEGSPESCGWAELECGHEFHARCLGEWLAEHETCPVCQEPARIKRSGS/DAELAALAARLAAEVAAVAAQVRAQLLALGAPPEVADAVAAAAAAARAAEAAARLAALRAAAAAAAA
batch2_design_224,1.0773,MRCVICATPANELCLECREAGCEGSPESCGFVRLKNGHVFHAICYGLWLAKHTTCPVCGEPAEIEYDGE/SREAAVEALARLGHALALYRAGRRAEAAALLAGFRADAAALAAADPAAAAAIRAEYDAERDARVAALKAAGASPEEIAAAAALVEAEGLHALTVALLR
batch2_design_173,1.0784,GFCYICNTPLNSLCYDCKEEGCEGSPESCGWCTLKNGHEFCAHCLSVWLSVSKTCPLCDKPAEIEECGE/EEEERKKKELEEKKKELEEKIEELSKKLTELFEKLGLTELKPLLSKEKLKNPYHQYKLALALSKIPELAEYSKEMLELAKLNAKLYAEE
batch2_design_241,1.079,KKCVICNTPLNKLCYYCKKKGCKGSKESCGFVKLKCGHEFHSICYSEWLSKNTKCPICKKPATIEKSGS/KEEEEEEEERLAEANKKRLEILEKGEEEAKKLKEEGASEEEIEKVLEEYEKEAEKLLEEAKA
batch2_design_4,1.08,GKCVICDTPANKLCAGCKEAGCEGSKESCGWAELKCGHTFHAKCLEEWLAEHKTCPLCREPVEIKKKEE/AAAEADAAHAAELAAAAAAAAALLAAAPADPAARAALAALRDALRARAAALAADPELAARAAEVLRLAGEIGIALARVAREIAAAAAEAAAALA
batch2_design_21,1.0808,GECVICGRPANKLCRDCEEEGCEGSPESCGWAELKCGHTFCSICLSRWLEIHETCPLCGKPIEIEKDEE/PRRLEELKKLAKEALAKGAEACEKAIKEIEELEKKMEEEIKTLSEEAKKAAEIELKEFKKLAKKLKEELKKKAAEMKA
batch2_design_369,1.0808,GKCVLCNTPANKLCADCELDGCEGSPESCGWVELVCGHSFHARCYARWLAEHEECPVCGRPAEVAREGE/EEAERRERLERLRRRLRRLLERLERAIAELEAALARLAEDREALRRLIERARRLREEAEEEARRAREEFPELEPLAEELRAAAERLAAAIAAAEAAL
batch2_design_204,1.0813,EECVICQTPANGLCYFRRAEGYAGSPESDGWAELKCGHVFHSICLSKWLSVNDKCPVCQKPLEIKYDGK/SEEEEEEERRRRTAESLIEAARKAAADEETRALFAVAAYKLNPDVPPEIRAAAAEEEARRAALAAARAAAEALAAALAA
batch2_design_348,1.082,GFCSLCNRPAGKLCALCKKAGCKGSPESCGWAKLKCGHEECSICLSLWLKKNKNCKICKKPVEIESDES/MLVEEAKKLIEKTKKEIEKIEEEAKKIAEESSVEEAQEALIEAREEIEKLVKETIEKLEKLAKETGSEEIKKLLEEFKKEWEEREKKRLKEILE
batch2_design_306,1.0836,KECVICGTPGNKLCRGCAEEGCEGSPESCGWVELKCGHEFHARCLAAWLARHDTCPVCKEPLEVERSGG/MEEEIKKLEEEKKELKKELEKEEKEARAELAELARAAAAARAAGDEEAAAAALAAYEEKEKELEKKKKEIEEKIKELEKKIKELKEKK
batch2_design_200,1.0844,KRCEICDTPANKPCIPCAVAGCAGSPESCGWVELKCGHEFHARCLARWLAKHKECPLCAEPAEIAKSGA/EAERAALRAEAAAARAAARAERAAIDAEAAALAAADPARAEAIAREAAARRLAIAEAENDLTLELTAKAKAA
batch2_design_146,1.0846,KKCIICNTPGNKLCALCKLLGCEGDPSSCGWVELKCGHEFHSHCASLWLSKNKTCPICEKPMEIKKDGK/EEEEEEALEELHEKILEENVEKLKKEREEAAAAARAEYLARAAADPGPAALLYLALALAQLPETHEAAAAAVAALRAAAAAAAAAA
batch2_design_220,1.0847,KRCVICDTPGNKCCRRCKEEGCEGSEESCGWAELKCGHEFHAICLDEWLAENKTCPLCEKPVEIKKRGE/SMAEALKKAKEEEMKKLEEEAEKLRKEDPEKAIALLEEAAKLAKETYGEEAGERVENKRNALKARAEREKAA
batch2_design_110,1.0848,TSCVICATPANKCCEECKKEGCKGSKESCGWAELENGHKFHKICLDKWLKKSKTCPICNKPVKVKKSGE/SKEEIEEELKELKKKAEELKKKAEELKKELEKLKKEGITSEEVKKLEEEIKKLEIEYEKVEAKAKYLEKLLKK
batch2_design_333,1.0871,EECVICLTPGKGPCALEKIDGPKGSPETAGWVELKCGHEFHAICLGRWLAENKNCPICGKPAEIKREGA/SEEEQERILELAKKKFEEIVEEAKKRMEEGELEKALEEAKRKIDAVTTYYSHFLNEELKEKLEKYREEAIEKLEEYKKKLLEE
batch2_design_334,1.0872,KKCVICDTPGNKLCLLCKEKGCKGNPESCGWVKLKNGHEFHAICWKIWYSKNKNCLVCEKPAEIEEEKE/TEEEEEEIEEAIEEHIEEKLNLFKEGLELIKKATELVEKDFEKAKKLLEEGKKKFDESKPNASKEEIKEFEKALEEYKKAVEKL
batch2_design_363,1.0875,KKCVICDTPADKLCFDRELEGYKGSPESAGYAKLECGHEECAICLSEWLSVHKNCPVCKKPVKIKECKK/KKIEELEKKYKEKLEEAEKLLKEAIEKVEEKDPELAEKIRKLKYPEVACVAISKEFPELKELCEKAREKYKEAKKLKKELEKLKAES
batch2_design_20,1.0876,KKCVICDTPANKLCALEKVLGYKGSEESAGFVELKNGHIFHAICLEEWHKKHKNCPICHKPLEIKYKGE/SLEEEIEELKKKIEELEKELEKYKKEAEETEKKAKETGTEEDKKKAKEAKEEYEKKKIKLDAELNAAKKKLEKLELIKKS
batch2_design_167,1.0884,DKCVICNTPLNKCCLECKEAGCEGDPTSCGWVELKCGHKFCAICWKKWHKNNKKCVICKKPLEVKYEGE/KEKEKEEKLKKLEEEEKKVEEEVKKLEEKAKKLRSKGLQSNEEEGKKYFEEAEKKLEEAKKLLEEKKKKKEEELKKLEE
batch2_design_255,1.0884,SYCPICNTPANKLCTWCKSEGCKGNPESCGWVKLKNGHEYHSICYSKWLSINDYCPICVEKAEIEEDGE/MEEEKKEKAEFGKYYIELQKVYRELVELYEEYPELLGEMIKECKKRLEELYKEAKEVSPKEAKKLAKEELEYYKKVLKEAKEKVKEAK
batch2_design_302,1.0886,SECVICATPANGLCALCKREGCEGSPESCGYAKLKNGHEFNARCLGRWLAVNKTCPICKKPLEIEECGE/AAARAATAAEIQAALDELTAAAVAEGAVAAARALRELLAELEAIVALAAEDPAAAAARRAALLARFDAVLETMSPALAAKARALLARAEALLEALRAAE
batch2_design_326,1.0903,EKCVICDTPANKLCLTQEYDGYKGSKESAGWVECECGCKHHSICASRWLKEHSTCPICKKPFKVKKSGK/KEKEEELNKIIDEFLDLRAELLGRAKESKSEAAKKKFLEMAKEIHEKIKEIVKIRKEEGLEKALALAKEKEKELKELKKEADALVAKEK
batch2_design_212,1.0905,KKCLICNSPGKGLCAECKEKGCKGSKESCGWVKLKNGHEFHKKCLDKWLAKNKNCPVCREPVEIEESKD/REAEIAAAEEEAKARAAAAKERLAALKAKAEAELAALKAEAEKSGTEEDWKKLEARKKELARELEAAKAIQEYVEKEGAERVAALKA
batch2_design_191,1.0906,KKCPICNTPANKCCKDCEKKGCKGSKESCGWAELKCGHEFHSICLSKWLSENKNCPICKKPLEIKKDGS/SLEKEKAALEAEKAELEKKMEEYKKKAEELKKKAEELEKKASTEEEKAELEKVKKEMEKAEREANIAKYKIELL
batch2_design_103,1.0911,SHCEICDTPGNKCCAVCKKEGCKGNPESCGWVEFENGHTQHAICADEWLAKHKNCVICNEPMKIKKRGS/DEEIIKKFKEKFKKFAELAKDPKKEEEAEKLAKEIKEFVEKNFEKLTVETLEEMEEIARETAKEVEDNEKATKLFREIAAELRYKRSEKKK
batch2_design_29,1.0912,KKCVICNRPLNTLCADCAEEGCKGSPESCGWVKLKNGHEFHSICLSEWLALNKNCPICKKPAEIEKDEE/SAEAAAAQARKAERIARLRAEEAATVAAMRAAGLPEEVINQVRSLYDRAINVVRAASEAEAAAEEAEVAALLAEAEALVAAARAALAAA
batch2_design_309,1.0915,SKCVICNTPGAKLCKDCKEKGCEGSPESCGWVTLKCGHEQHSICLSKWLSINKKCPICKKPVEIESSGS/MEEELKKKKEKIKELEKEAEELKKKYEELLEKRNKKAVEYYELKKKAEESKDKEEKEKLKKEAEKAEKEMKKLEEEAEKVEEEYKKKKEELEKKKKEFEE
batch2_design_310,1.0916,SVCVICATPANRCCGACRRLGCAGSPESCGWVRLKCGHEFHSRCLARWLARHSTCPVCGKPAEVESSGS/MAALAALLRALLALEEELRLLAVEHLAAERPELTPEEYAALLAERGLAIGLALLAAAAAAAAAAAAAAAAAAAAA
design_49,1.0918,KKCVICDTPGNKLCAPCRKEGCEGSPDSCGWVKLKCGLEQHSICLSKWLSKHKTCPICLEPVEIEKSGS/ERAALEAELAAARAALEALRAETEAFLAEVEARVAELGDSEEATELRAEAARRRAELRRAEAELAALEAAAAARLA
batch2_design_175,1.0919,KYCVICGTPARKLCAVCKEAGCEGSPETCGWVELENGHEFCAICAEEWLAEHETCPICKEPMKVKKRGS/SEARLAALLAAYEKARAAAEAALAAGDEERLEEIAELCRAAAAAIERILADPEARALLSPEERAALEAERRAARERHLELRRRLLER
design_47,1.0924,KKCVICDTPGKKLCKECKKKGCKGSKKSCGWVKLKCGHEFHSICWKEWHSHSKTCPICKKPLEVEKDGK/DLQKKIAELKAEAAELKAKAAELKAKAEELLALAAAEPERKYELLAEAARLRLEAEKYEKEAEEKQKEAEELEKLLK
batch2_design_31,1.093,EKCVICDTPANKLCATARIKGYKGSPESAGWVDCKCGCKHHSICADKWLSINDVCVVCGKPFEVESRGS/DLEEKLEKLRLARNLLQLGLKVPEKAKECLEKAREIIYEATGSEEEKKELEEAIKDGKNLKEKLKEWLERVKEEAEKLLKEIEEKKEEEKK
batch2_design_237,1.0938,KECVICLTPANKCCIDCKKNGCKGNPESCGWTELENGHEFHSRCLSKWLAEHKNCPVCHKPVKIKYSGS/ELEKKIKELEEKAAKLEAEAARLRAEAAAAKAAGKEEEAAALQAEADKKAGESVKYKAEAKRLK
batch2_design_343,1.0943,KKCVICNTPLNKLCALCRFDGCKGSPESCGWAKLKCGHEFHSRCLSRWAATSSVCPVCLKPLEIESCGS/SPAAELRAHAEAVDAEARALLAQAEALLEAGDVEAALACYEAAAARYAAGAEYFRAQAAAAEAAGDKELADLARALAERFESRRALVERRIAAIKAQ
batch2_design_233,1.0947,ELCVLCLTPANKLCRECKEAGCEGSPESCGWVKLENGHTFHAICADKWLAEHEVCPLCLEPAKVAERGE/SREAELAALAEERAAVAATVAALTEKIEAAAAANPEAAETAAAALAQLEANRAAHEARIAARLAELEAR
batch2_design_171,1.0949,GKCVICDTPANKCCAWCALLGCKGSPESCGWVELKCGHVEHARCLDRWLAVYDKCVVCKKPAEIARRGE/AALAAAAAALAAAAAALAEARERIEAGNALVKKAYPEKYPAWAAARAAEFAALEAALAAAAAAALAAA
batch2_design_181,1.0956,KKCPICNTPANKCCRRCKKEGCKGSPESCGWVELKNGHEFHSICLSIWLSVNKTCPLCNEPVEIKYDGS/DAEARLAAILAELAADPRYADFLALLEEIYAAAKPEDLPTLTAAAEKALKLLKVDPELAKGLLLSTLERMK
batch2_design_126,1.0958,KKCILCNTPGNKLCLFCKEDGCKGSPESCGWAKLKNGHEFHSICLSRWLKLSKTCPVCLEPAEIEKSGS/SAELAALEAELAALEAELAATEAALLAACAEVYRLARLYEEDPEKYAAALAAALARARALAAEAKRLQAERDALAARIAALRAA
batch2_design_68,1.0961,GKCVLCNTPLNKLCAMQKLEGYEGDPESAGWAKLKCGHEEHSICLKRWLAENKNCPLCKKPAEIEEDEE/SEELLKKIEELEKEIARLEAEIARLKARAAELKAQAAATKAAAAADPANKAALDAKAAELEAEAAKLAAEAAALEARAAELRKKRDELKAKLA
batch2_design_124,1.0972,GECVICGTPANKLCAECKYEGCKGSPESCGYVKLKNGHEFHSRCYSKWLAENENCPVCNEPAEIESAGS/ATPVEALRAALRAALAQALQLRQEAPPELQPRLDALIARIQAAYRALCADPSTAAAAQATLAEAQAQLAALQAELAARRA
design_41,1.098,DRCVLCDTPANSLCALDRVAGCEGDPASCGWARLKNGHTYHARCLAEWLAEHETCPVCGEPAEVEEEGA/AAAAAAALAALRAALDARLAAAAAALEERKAAAAARAAADPSLAPACEAEVRKAERALRALRAAAAAELAAAAAAAA
batch2_design_63,1.0983,GKCVLCDTPANKCCVFEALEGCEGSPESCGWVKLVNGHEFHAKCAKEWLAEHKNCPLCGKPMEVEECGE/SAAARAAARALARALVEAGEALARALDPEHAEEIWYEVVRAVVEAAVAALEAAVGPETALLVRAAALAILRRREAERLAARRAAAAAAAAAAAAA
batch2_design_180,1.0983,SICIICLTPANKCCEDEKKKGCKGSKKSCGYAELECGHEFHSICLKKWLEKNKTCPLCKKPLKIKKDEK/KEELKKKRKELEKKRKETKEKYEELAKKEKDEEVKKNIEEFRKEKEEELEKKAKEVEEKAK
batch2_design_340,1.0984,KKCEICNTPANELCATRKVEGYKGDKKSAGWVKLKNGHEFHAICAKKWHKKNKNCLICNKPLEIEKEEE/MEEEKKKKEEEKEKEEIKKKLREAVKEAAKLKRKAAELKKEGKKEEAAAYEAKAKEYEAKAEELRKKLE
batch2_design_117,1.0985,KECLLCDTPANELCYDCKEEGCEGSPESCGWVKLKNGHEFHKICWEKWLSKNKNCPLCKEPAEIEKSEE/ELEKKIAELKKEAEELKKKAEEAKKEAEKVEEERKKANPEKKKELEKKLEELRREAVKLESRAERIEEKIKKLEAEK
batch2_design_201,1.0988,EECPLCGTPGNKLCRECKKKGCKGSPESCGWTELKNGHSYHSICLSKWLSKFKNCPLCNEPAEVKSSGS/SEEKEKLLKEAEELLKKAEEYFKEAKAAKEAGDLEKALKLAKKCISAMNRAIDCYEKIGDEEKLKKLLEKFKELSKELAELLK
batch2_design_203,1.099,SMCVICNTPANKLCLFCKKRGCKGSPESCGWAKLKCGHEFCAICLSVWHKYNKTCPLCKKPLEIESSGS/PTPEELAAMEATLAELATLAPETRAAWLGILMRSEELSEEEAEAAIAELLPPELAPAAKRALATVRRLQAA
batch2_design_275,1.099,EECVICQTPGNKLCAKQKYEGYEGNPESAGWVECKCGHTFHKICADRWLKENKNCIICNKPFEVKYSGE/SEEEREKRKKELEEKVKEAQAQAKALAAAAKADPSTAKQHQAAIKQLRARADALYRALELLEEDEEEKKKVREARKARQAEFDALIAEVAALAAAAA
batch2_design_330,1.0996,KYCPICNTPGNKCCLGCKEAGCPGDPSSCGWAELKNGHTFHSRCLEKWLSKHKTCPLCFEPAEIKYDGS/LEEKIEELEKKAKELAEEAAKLETKAEVLEAEAKKLLAEGKATGDEAKLAEAKKKLAKAKELKAEAEKLEEEAKKLKEEAEKLKAE
batch2_design_190,1.0998,DKCVLCDTPLNKLCAECKYKGCKGSPESCGWVELECGHKFHAICYGEWLARNEVCPLCQQPAKIKKSGK/SQAELEQLEKEIAAAKAAIEAVEAALAAQRAALAAEVAAVAATGTAAEAAAAAAAAKAAALAARRAAVAQIAALKQKRAELEHQLAQLKAAEA
batch2_design_262,1.1008,DFCYLCNTPLNGPCAWCAADGCEGSPESCGWADLKNNHKFHAICLRKWLKRHKNCPICGKPVEIEYEGE/MAALLEELAAALAAAAAAAAAAAAEAARAARVEAAAAEAAAAAAAAHAGADPAERAAAVARAARAAAAEADADYTLERLKAAA
batch2_design_371,1.1014,GRCVLCNTPANKCCADCAGAGCAGSPESCGWARLKCGHEFHSICLSKWLSEHSTCPICEEPAEIESDGS/AAAAAAAAAAARAAAAAARRAARRAALAACLAENKASGGKLRLECIKLAPDAETAIALYREFKEEEKKKEEEEK
design_31,1.1024,DFCVICATPGNGCCAECAEAGCEGSPESCGWVKLKNGHEFHARCWARWHAEHDICPVCGEPLEIEESGS/EERLKELEEKKKELAEKYLELAKEYLELRQKGEDPELAEEVRAKKEELREERLKLAKEIRALKEKA
batch2_design_94,1.1027,KKCVICNTPLNKCCAKCEYEGCKGSPESCGWARLKCGHEECAICLSEWLSKNKKCPICLKPVEIESCGS/SEELKKKLEEEAKKLEEEIKKLKQERKLLEAEYRREIASLKIEGNEKKAEEKEKEMEKKKKEYEKKIKELEKKREEIEKKRKEL
batch2_design_71,1.1031,EECVICNTPANKLCLECKEEGCKGSPESCGWAELKNGHKEHSICLSDWLAENKECPICKKPLEIKKDGK/MRTTEELLKRAEEVAKRIEEKLKETAKILKELGDEEKVKEVKERRKEAEKLLEEAKKNPRTVAEHLRELEELLEEVEKELKELKEKLKKE
design_55,1.1032,KKCVICNTPGNKLCRDCAAAGCPGSPESCGWAKLKCGHEFCSICLSRHLSLFSTCPVCRRPLEIEESGE/ALLALAVLAAALARALAALLAAGAAAALAALFAGPLAAAVAAALAAGLAAAAARAAAEAADPRARAVEARAAQLLARLLAALLAALAAAAAAAAA
batch2_design_195,1.1033,KFCVICDTPANKLCKDCKKAGCKGSPESCGFVELKCGHEFHAICLKEWLAEHSTCPLCGKPAEVEKEES/SAALAAARAEVEAHKAAAARFKAKAEELKKKAEAAKAAGEEERAKLLEKAAENFKKFAEEEKAAAAAAEAKLAELEAA
design_1,1.1034,GECVICGTPANKLCRECEKKGCKGDPESCGWTKLKCGHEYHSICLSEWLKLNKNCPVCKKPMEIEESGS/MEALKKVEEEKAKVEEEEKKVEKIIEELKKYKSPVMKERAKELKEELEKRKKEVEKKKEEVLKA
batch2_design_269,1.1041,DKCVLCDTPANSCCAGCKERGCSGSPESCGWAELKCGHTFHSICLSRWRAISDVCPVCRKPLEIKSSGE/EREARLAARLAALAAEEEAWEAELRARIQAFIRDGSRTEEEFEKFRREVEEERRRRAEELARRRAEIEAEVAAE
design_43,1.1043,GYCWICLTPANKLCEECAEEGCEGSPESCGWAKLKCGHEQHAICLSKWLSESKNCPLCKKPVEIEKSEE/SEELAAAVEALKAEAKALYEEKLKETGSKAEAYKAVAEWAKEKAKESSPELAKVALDLAKVFEAKAEIERKKEEEAKKKAEELA
batch2_design_258,1.1044,KRCRICATPANKLCLECKVAGCKGSPESCGWAELECGHEECAICLSEWLARSSVCPLCLEPIKVKSCGK/AEVAAIQAELAATVAALEAAAAAARYASDALAYRAEAAKAREDALKEIAAIYKAQGNEAKAAEYEAQAAAAAAEAARLEEMAAILAEIRAEREAKAAAL
batch2_design_345,1.1047,GECVICGTPADRLCLGEAEDGPAGDPESAGWVELENGHREHARCLARWLAEHETCPLCGEPARVARAGA/AEEVAALEREIRRLEAERRLLERRAAVLRAKAAEGRAEEVAPELAALEAAAARAAAEIAALRARLAALLA
batch2_design_246,1.105,KKCVICNTPLNKLCAFCKEDGCKGSKESCGWAKLKCGHEFHKICLSEWLSVNKVCPVCEKPVEIEESEE/SAARAALAAAAAAADALEAAAAGKGRKAKAEVAAAWRAVAVAARKLGDAAALAAEAEAKAEAIMAEMA
design_4,1.1051,KFCVICATPANKLCRKCKKEGCKGNPESCGWCEFVNGHEEHCYCAGLWLSISDTCLVCGEPMEIKKCGS/ETEQQLREAISAELLLGEVRRLILTEGVEAVEKLAEMLKKIGHPWAEWVEEIAARLKAGEPLEAILARLDARRAELAARAAELAA
batch2_design_350,1.1053,GMCVICNTPANKLCALERLLGYKGSEESAGWAELENGHTFHAICLEKWLAENETCPICGEPLKIKERGK/MEERLEKALEEARRRNAERLAALAAALAALAAALAAAAAAAAAAAAAAAAAAAAAAAAAAAAA
batch2_design_36,1.1053,EYCPICLTPANKLCAGCEVKGCKGSPESCGWTTLKCGHVFHSICLSRWLKVSSTCPICKKPVEIASSGS/KYEELLKKAEEYKKKMLESSPEEAVKYAKKALELYKEIEKDPEYKEEAAEKRVEVIELLLKKQEEAKK
batch2_design_169,1.1062,KVCSLCLTPANKCCEECKKKGCKGSKDSCGWCELECGHEFHSICLSEWLKISKKCPICKKPLKIKKCGK/SFDAAAEYKLLKEKAELEEKIKKVEEELEKAKKKAKEDPSYKKEVEKLEKELKELKKKLEEAKATKVEEVAAKIKKEEEEKKKEKEREEEEKKK
batch2_design_294,1.1066,KKCPICNTPLNKLCKKCKKLNCKGSKKSCGWAELKNGHEFHSICLSRWLKVNKTCPICKKPAEIKKCGK/SLEEELKKLKEEAEKAKKEAEENKENPEAKKGYELLALGYLLKYIGKFAENGEELNAKGEEYILEGEVLLSEVKI
design_19,1.1066,EKCVICNTPANGLCALCKEEGCEGSPESCGYARLKCGHEFHARCLAEWLAEHDTCPVCRKPVEIEESGD/TPEEEEERRAAAERLRRRMVAAALSLDPELAERLAAALAEATLEELEAIAARMEEALALEEEEGLEAARAAVEALLAEMA
batch2_design_62,1.1071,EWCPLCNTPGNGLCRECKAAGCKGNPESCGWVTLKNGHEFHSICAKRWHSLNKNCPLCGKPLEVAEDGE/KIEELKKEAEELEKKAKLCEELAKEYKAKAKELAATGDPEDAEKAKLYEEFAENLEKASEKYREKAEEIKKKIEEL
design_16,1.1077,EKCVICDTPGNKLCLFCEKEGCKGSKESCGWAELKNGHKFHSICLSIWHSKHSTCPVCLEPLEIEKDGS/SLKEKIEKLEKEAKKLREEAEKKRELAKKEAENREKAIELRAEAVELESKAKKLLEEAEKLKK
batch2_design_6,1.1086,GRCVICDTPARRLCLRCALAGCEGSPESCGWVRLKNGHEFHSRCWARWHAEHKTCPVCAEPLEVEYSGE/DAAIAAALEAAEAARFALARLREELTAEERATAAEAAALPAAERARVLAAVQARRDAALAAQQARVAALEAEAAALLAA
batch2_design_115,1.1091,KECEICLTPLNKLCYLQEELGYEGDPESHGWAELKNNHEFHSICLSIWLSENKTCPLCKKPIEIKKDEE/SKEREEKLKELEKKAEEYKKLEEKGITEEELAKNPELKAKLEEYKKAANIYEATKLYIEKLEKEL
batch2_design_160,1.1091,KYCVICGTPANKLCADCEEEGCKGSPESCGWVKLECGHEEHSICWSEHHSKNKECIVCKKPLKVKSDGS/GMAKEKKLKEAKKKLEEYEKKLEELRKEAEEAKAAGDVAALKEIARRLRELIEEIEEDAKEWAKFDKELAKKMEELREEAEELRREVVEAALALE
batch2_design_147,1.1094,SECVICNTPLCKLCAACKVLGYKGSPESAGCVKLKCGHEFCSICLSRWKSICKNCPVCGKPLEVEYSGS/SMAEEKEREALKKEVEEVKERAIRLADEVLKKTGDVEKAKEILEKASKTERALAEDPEKAKELLKETKKYLEEVEAELKKLG
batch2_design_292,1.1098,SFCEICLTPANKLCLLCEEEGCEGSKESCGWVELKNGHEFHAICLKEWLSVFKTCPVCEKPVEVKKSGE/DELEKLLKELSEACLRIEDEEAQERIRECLRKFREISPEYYALAARIVVRARKAPPERRAEVIEEGLKEFKERLAK
design_61,1.1103,KECVICLTPLNKLCLVDEELGYEGDPETAGWTELKCGHEFHSICLSLWLKHHKTCPLCERPVEIKESGS/REEALERIARLEREERRLELAAARAEERAAALEAENAARGPDEALAAEAARLRRLAAALREEAARVRAEREALAAALA
batch2_design_98,1.1103,SECVLCGTPANKLCTTQETDGYKGSPESAGYTELENGHEFHSICWERWHARHSTCPVCLEPMKVKKSEK/SAAAAAAAAAAAEARRAERRALIAAASEKNKQIGELLKKAKELEADPTKAAEAAAAKAEAERLKAEAEALLAKAEAL
batch2_design_37,1.1104,KKCVICDTPLNKLCKECKELGCEGSPESCGWARCKCGHEFCAICLSRWLAKHKTCPLCEKPVEIEERGE/EKLEKLKKEAEKLKAEAEKAIELAVENPEEATKEAEKYMEKLEKVAKELIKLSENSEEEKKKAEETKKELEEKLERALAKYRAK
batch2_design_314,1.1105,SKCVICNTPKNKLCLIDEKKGCKGSKESCGWVECKCGCEFHAICAGKWLSVNKTCPICGKPFEIKKEEK/SKESKIRIAEFLVEQAKELMKEGNKEDAKIVGEKAIEVAKSVSEELYEKMKKEVEAILKS
design_24,1.1106,GRCVICDTPLNGLCKECKEAGCEGSPESCGWATLKCGHEFHSCCLSRWLKVHDTCVVCEEPVEIEKSGS/EEEEEERRRREEELEERARRAREEVEAAEAAEAAAAEAAAAAAAAAAAAAAAAAAAAAAAAAA
batch2_design_307,1.1107,EKCVICDTPANKCCAYCKKEGCEGSPESCGWARLKCGHEFHSRCLKEWKKKHKTCPICKKPLEIEEEEE/EEEEEEEEEEELEEEEEEEEEEEEEEEEEEEEEEEEEEEEEEEEEEKEEEEEKEKRRKYLEELE
batch2_design_291,1.1114,KYCSICNTPGNKLCFFCKEEGCEGSPESCGWVKGKNGHEEHAICAREWLAVNSTCPLCKKPYEIESEGE/SEEEEKRIAERAEKVIEAIKKGENLLAAPAAAALNKEHREEILKAYEEALKKKKEKKEEEEKKLK
batch2_design_296,1.1115,GKCVICDRPAAGPCLLCAYLGCEGSPESCGWVKLKNGHEEHAICWKEWNKVSKVCPICKKPLEVESCGE/SAADGLATRLKHLKEAAELLEKALKDPSKYPEYLAKLEELATKHGAYFYKVYEKAKKGKEEMKAAYEELKAEAEKVAAALAAL
batch2_design_243,1.1115,EYCVICLTPGNSCCELCKLEGCEGSPESCGWTKLKNGHEFHSICLSTWLKYNKTCFLCKEPLEIESSGS/MEELEKIKKELEELIKKQKADLTEEQIKVFKEFPFSGYKLLKAAVEKGISVEEQIAELAAEYAA
batch2_design_106,1.1122,RFCVICQTPLRKLCAGCKAAGCVGSPETCGWVRLKCGHEFHARCYRTWLAVSETCPICKRPAEVEEEGE/EEEEEREEEAERLRELADELERRAEEVRAARLAAGADPAEEEALLARVRELAASMRARAEELLAS
batch2_design_34,1.1122,GECVICATPLNKLCAECYWRGCKGSPESCGWTELKNGHSECSICLSEWLARFDTCIVCLEPLEIASSGS/LTPEELAARIARAEARMARRAARTEELLARLAAAAAAARAAAAAGGDAAACAARLAALAARAAALRERLARDTALLRARAAEARALAAA
batch2_design_329,1.1124,KECVICDTPLNKLCADCEAEGCEGSPESCGWVKLKCGHEFHSLCLSKWKARHDVCPICLEPLEIEESGE/AAELERLRAEAAELEAELAALEAELAALRAELEALRAALAAKKAAGTATPEDEAALRRREAEVDRLEARARRTQARLEAVRARIEAL
batch2_design_166,1.1124,GKCVICNTPANKLCAVCEYAGCKGNPESCGWAELKCGHTFHAICLSRWLAISKNCPICGKPVEIKESGS/MEECKKNIEELKKRRKESLERLKAAGAPEEELEALKKIWDEKLEEMKKLCEKREKEKKEEEEKEKEEKELE
batch2_design_256,1.1125,DKCVICNTPANKCCALEAALGCKGSPESCGYATLKNGHKQHATCLSTWLKLHKNCPVCKKPVEVEYSGS/GAAAAAAAAAAAAEAAAEAAKAELVARTLAAVKELAADKEKAAQIIETTRAAIAEINARPEDAAAIAAEALARIDAIVA
batch2_design_118,1.1125,KKCVICNTPLNKLCYEQKEAGYKGSPESAGWTKLKNGHEFHSICLSHWYSVNKNCPVCKKPLEIEESKS/AAAAAAAAALARAAAARAEMEALAAKASPEIKPLYALAAEVLASQAGPEEVDERIATAKNIRQFALAEEAK
batch2_design_105,1.1128,SFCSICNTPLNKPCRLLEAEKPKGSPESAGWVKLKCGHEFHSICASKWNSKYKKCPICKKPLEVEKDEK/KEEEKKKEEEKAKIRKEYSEEIEKKSKEIREECEKEKKKLEKEAEKLKAKGDEKKAKEAEKKKEEVEKKYEEKDLEIIKELNEKEKEEIKKIEE
design_59,1.1135,SFCSICNTPANKLCLRCKYEGCKGSEESCGWAKLKCGHEEHAVCLSKWLSKHKVCPNCHEPIEIEESGS/EEELKELKKKAEEAKKKAEEAKKELEKAKEEAKKAEKENKEKAKALEIKAEVLEERYKELKEVAEELERKIEEL
batch2_design_153,1.1137,SYCVICNTPGNSLCGVQKAAGYKGSPESAGWALLKCGHEFCSICLSEWLARHSTCPLCGEPLEIEKAGS/SLEECKKLLEEARDLALKALRALKEGKVEEAKKYLKEAEEKVKKMEELAETEENKVLAEEAKRLVEFLKKKLAE
batch2_design_335,1.114,KYCVLCNTPLNKLCKKCKEEGCKGDKESCGWVKLKNGHEFCAICLKEWNKEFKECPICKKPLEIEKEEE/EKEKKIEELKKKIEEYKKKAKELEKDKSNPVAETMRKILLEKAEEYEKELEKILKEEEKKKKEEERKLK
batch2_design_24,1.114,KKCVICNTPGNKCCEECKKKGCKGSKESCGWVKLKNNHEFHSICLSKWLKENKNCPICKKPLEIEKSEK/ELEKKLEECEKKLAELEFQIKKAEKEIEKAKKEAEKDPEKAKPKIEELKKKLKEYKEELEKVKKECE
batch2_design_87,1.1145,SYCYICDTPLNSLCLFEKEEGYKGNPESSGWTKLKNGHEFHSICLSLWLKVRKTCPVCKKPLEIEKDEE/EEERKKKIEELLEKAREKLSRARRLALEKGDAETAELLEEVLQLLDEFAAASEEEREKLAKELKKKMEELLKRLKETNEEAAKYVEEAKKLFEEALKLL
batch2_design_202,1.1146,GMCVICGRPANKLCLECKVKGCEGDPESCGWVKLKCGHEQCSICLSKWLSVEKTCPICGKPAEIEESGE/SLAALLAALAALAAAAAAKEEEKKRAEELRARLRRARALYEVDPEKGAKELAALEAELAAKKAAGTATPAELEAWEEFEKEEELREKLKKEEEK
design_40,1.1149,EECVICRTPGNKLCAMCARDGCEGSPESCGWAELKNGHSFHAVCLGWWLAQNKTCPVCGKPVEIKKCEK/SAAAVEAALAAAAAAAERLEAEYAELAARAAALDPELAEEIESARRAAEARLARLRAELLAASPEEAPAVEALLREALAAEEAEIAAWRERLAALEAA
design_50,1.1151,KRCVICNSPANKCCAGCKEAGCEGSPESCGWTRGKCGHEFHAHCAGLWLSVNETCPICGEPWEVEYSGS/AEAERLRNFRALRDYLAAEVARLAADLAALTAEAAAAVAAGADPAAAAARVAAAQARLARAQARAERAAALVAALE
design_54,1.1157,GMCVLCWTPANKLCWDCEEEGCKGSPESCGWVELECGHTFHAVCLSEWLAAHKNCPLCKKPVKVKSSGK/TLEQILEAALALLDARAARTTAALKAAAAAADPAAAAAYAAQIAAAAAERDRRVARLREQAAAAR
batch2_design_149,1.1158,KRCPICNRPGNELCEECKEEGCEGSPESCGWAKLKNGHEFCAICLGRWLKVLKTCPVCGKPIEIEECKE/MDKEKKLEELKKKAEEYKKKAEEAWKEGNLEEAELYVCKYINYLVKMAELDPSLKEKMKEEIEKIQKEMKEKKEKYLKAKEEAEK
batch2_design_242,1.1158,KKCVICNTPLNKLCAKCKKEGCKGSPESCGWAELKCGHEECAICLGLWRAVFDTCYVCKKPLEIKEEKE/SAAEAALAAAALAEIEALLDATFAAATALLEKEGAAAREEAAALMSEARLEAMALAAATLAALSPAAAAELRARLEALLEAFDARWAAAWAAFEAAAAAA
batch2_design_336,1.1165,EECVICDTPANQLCREQRLAGYAGDAASAGWAKLKCGHEFHAICLRKWKAEHDVCPICNKPLEIEEEGE/AAAAEAARAAAAAAALAAEDRARIAEDLAELRELGAELAADPEAGKEEREERITKAVVRICRRLGLSFEETEELKELALSLDKFPEALARLEAAAAAA
batch2_design_128,1.1168,KFCPICNTPLNSCCKECKEKGCKGSKKSCGWAKLKCGHEFHAICLAKWLSKNSVCPLCGKPVEIEECGS/DEEKLLKKIEELKKKIEEKEKKAEEAKKKIEELEEILKNKEKLSEEEREELKRELIRAKKELREAEEEAEKLKKEAEELEKKLKEK
design_12,1.1169,KECKLCNRPLNKLCASLEKEGYKGSKKSAGWVKLKCGHEYCSICLSEWLAENKTCPICLEPVEIEKSEE/KDYLRLKNIAKTQLETVKKRIEELKKNPENKEEIEELEKKAEELEKKLKELEEKLKEEEEKKKEEKKKEEEKKKLE
design_29,1.1169,KECVLCKTPGNKLCYPCREAGCEGNPESCGWALLKNGHEFHAICLKLWNSRNKNCPICLKPLEIEKEEE/MDYEEVLKELEKLRKKAKEWQKNPEVKELAKELLKLLEEAKELWEESERLLAASPETAVLGRIKEAEAEALLERARELEKELEEKVAAVKAA
batch2_design_300,1.117,SHCVICDTPANGPCAACAAAGCAGSPASCGWVELENGHSEHSRCLSRWLARESTCPLCREPLRVASDGA/AAAAAAAAAARAARRAAAAARAAARLAAAEAARDAAAAEDPELGAEEERRLAAIRATLAG
batch2_design_121,1.1172,KYCVICNSPLNRLCADCKEEGCKGSSSSCGWATLKNGHQECSICLSLWLSRNKNCPVCNKPVEIESDGS/SKEEALKELEEVKKEYEKKLEELEKEKEEIIKKYGLRYYNLLLRELEAEYRKKVEEIEKKLK
batch2_design_130,1.1173,EYCVLCYTPGNKLCADCKEEGCEGSPESCGWAKLKLGHEFHAICLARHHAAHATCPLCDEPLEVESSGS/AAAEALEAAHAAERAALRARRRALRAAARAARAAAAAAAAAAAAAAAALPAAAAAALLGAAAAAAAARAAAAAAAEAALRAEARAARARRAAERAALEAA
design_38,1.1178,KKCVICDTPLNKCCADCALAGCKGSPESCGFCKLKCNHEFCSRCLSEWLAVNSTCPICKKPAEIEKCEE/SAARAAEKAAKLALAERLRALAAEAQAKADEYAAKAAALAAKAKEEAAKDKAKAEALNKEAAAYAAAAKAFANRAAQYRALAEEVLAEVE
batch2_design_324,1.118,EKCVICDTPGNKLCILEKALGYKGDPESSGWVELKCGHKFHAICCSEWLSRYDVCPLCERPLEIKRSGE/DEELKKALAKKKGAELALLERRRRYYLALGTPEAKEKAAELEAEIAELEAELEANPEIKEEALAFREEKLAELDELDEELEAE
batch2_design_144,1.1195,GECEICATPANGPCARCRAEGCPGSPDSCGWVELKCGHTFHAVCWGEWLALSDTCPVCKEPAEVASAGG/TEAELAALEAEEARLRFLAERARAAAAEARAAGDEAKAAELEAREARLEAEAAAAEEERARLRAAAAA
batch2_design_365,1.1195,GRCVICNTPANGPCLTCELLGCEGSPESCGWAELKNGHVFHSRCLSDWLAVSDKCPLCNEPLEIASSGS/PSPEALELARLRAELARRREEVEAAVKELAEKSSEEMAKIVLEVRQRRLAELEAELEAREAA
design_44,1.1198,KICPICNTPGNSCCKECKEKGCKGSPESCGWAKLKCGHEFHSICLKKWLAENKTCPICEKPLEIEKDEE/AKEVAAACAERAAELRAAAAAEEAALRARAEALRAARPEAAAALAAAAAAELAARRAALEAELAALERECRREIYA
batch2_design_179,1.1198,KECVLCQTPANQLCAPCKALGCEGSPESCGWVRLKCGHEFHARCAGRWLARNSTCPVCLEPAEVEYCGE/MEARLAAFAEELEKLAKEAEKSSPEVKSLARITAQLLDLAREALADPALAEEILARAEALYEEMKALLAKEK
design_42,1.12,EKCVICDTPANKLCAEEKLLGYKGSKESSGWTKLKNGHEFHSICLSTWLKVFKTCPLCKKPVEIESSGS/SPLEEKIKELKKKEEEELEKEKEELVKKVKELIDAAEASESEEEREALLEERKKLIEEWAKEAAEKKKKLEKELKELEEKKK
batch2_design_278,1.1202,GECVICATPANKLCAECRLAGCEGSPESCGWTKLKCGHEFHSICLSKWLSKNKNCPICKKPAEIEYCGS/AEAAERAAHRERLAEVQAYRDAKVKELNEEFDKKLAKAKTEEEKEELEKEKEEKLKELELEVIKYRRELRAAERAARAAA
design_25,1.1207,SYCVLCRTPARGPCLLCKEKGCPGSPESCGWVKLKNGLEFHSRCYSRWLSKHKVCPVTLEPAEIEKSES/VEEKLKKIAEEIEKLAEEAETADAEECEKLAKKLIELLRELAKLIPKYAERFEELAKEVEKELEEFRKLPPEEARKRLKSLLQTTSHTALIIIDGALEEL
batch2_design_198,1.1209,KKCVICDTPGRKLCFGEKYRGYKGSPESHGWALLENGHEECSICLSKWLAKHENCVICAEPVKIKEDGK/AAAAAAAAAAAAAAAAAAARAAKAAAAEAKLKEMRKKAEETFEKLYKEDKEKAIKAGEEMREEITDYRYNFNKERKAEAAAAAA
batch2_design_297,1.1211,MECVLCNTPARKLCKLCKEKGCEGNPETCGYTELKNGHEFCSICLSKWNSKNKNCIICGKPLEIKKDES/AAAAAAAAAAAAAAAAAAAAAAAAAAAAAAAAAERAKLLAEHAEKVREEAKEKGEELSEEEIEKLAERRVKGDYFAEELKEEE
design_2,1.1212,SECVICNTPADKLCEECKEKGCEGSPESCGWVELKNGHTFHSRCLEEWLSVNETCPICKKPMEIEKDGE/KEEERKKNLEEILKEAEELLEKIKKASEEDIPEVIKEGEKLREKAEELGDYRTAVKLDRIIKLLKESIEEAAEAMEELIEELKERIE
batch2_design_152,1.1216,KKCVICNTPLNKLCYFCKEEGCKGSPESCGWVKCKCGHEFCAICASKWLKYSKVCPVCLKPFEVEESGS/AEEKKKKEEILKKAEEAKKKREELLKEYKKDPSKRLEYINAGFKLVELLEKLDKEEAEKAAKEMAEEFE
batch2_design_240,1.1216,GYCFICNTPANECCYDCKEEGCEGSPESCGWAECTCGHEFCSICLRDWLKLNSTCPICGEPIEIKYDGE/KEELLKKIEELKKKAAEYEAKVAELKAEAERLRAEAAALAAADPDSEEARRRIAELEERARQCEARATFYEARAEEAKKEAEKLEAELK
design_64,1.1216,KVCPICNTPGNKCCKECKKKGCKGSKESCGWVELKNGLEFHSICLSEWLSLSKKCPLCEEEAEIKKSTS/SREELLAELERERAKAAQLRVEIVKKKKELEKEKAKLEAEVKETGSEELKEKLKEEVEKREKEIEELEKEREEHLRRAEELEAELA
batch2_design_261,1.1218,GECAICDTPARKLCVLERVAGYKGSPETAGYVKLKNGHEFCAICWREWHAEFKTCPLCGKPLEVEKEEE/MTPEELAAAELAEAAARLALSERLREAYRKLEELKKEAKEAIEKGTTEEVAKKCEKAAKECEAAAKEASPELKAAFERLAKKYKEIAKELKKKAK
batch2_design_112,1.1219,KKCVICNTPANKLCLLCKREGCKGSPESCGYAELECGHEFHAICLGRWLSVSSTCPICDKPIKIKSCGS/EEERRRLEEEMEEHMKRARELAAKENRSVGELRLELFRARALAIELGSVEALERLAKVYEELAAKEDNPLKEVCKALAEEAREIAERLKRERA
batch2_design_77,1.122,KKCVICNTPGNKLCYLCKKEGCKGSKESCGWAKLKNGHEFCSICLSAWLAHRETCPICNEPVEIEEDKS/SREEKLAELKAKAKELEKKIKQLEERAAEAKELAAKTPEHAAYLNALAKYLEKEAEKLKKELEELKKKLEELEKE
batch2_design_127,1.1224,KKCYICNTPANKCCAECKEKGCSGSPESCGWVTLENGHEFHSICLSKWLSVNKTCPLCGKPVKIKKSGS/EEERKKKEEKEKRIKELEEEIKTLKKVLKEVKKAEEKEIAKLQAELKAAEAAGDKERAAELKKKLAEAKEEFEKRIKNLEKEIKELEEEREKLKAE
batch2_design_82,1.124,DKCVICNTPANKLCYFEKEEGCKGSKESCGWAELKCNHKYHKICLEEWYKKNKNCILCEKPLEIKKSGK/MELEEVEKKIEEYLKEMDKAYKEALKEGEEKLKEYQKLVEEIKKELEELAKKSTPEVARKCRAAIESIKFREEKALKKYKEK
batch2_design_249,1.124,KYCVLCDTPGRKLCALEKVEGYKGNPETAGWTELKCGHEFHSICLSRWLSVHKTCPLCGKPAEVKKDES/SKFEKLKEEMLKRLKEMREELDALEAENPAVAPEAAKAREHIDLAEEYLKLGEEEDPEKYLEEAKKHLVLAGGYLARARKLVK
batch2_design_151,1.1246,DWCVLCATPGNGPCAGCRLAGCAGSPASCGWAELKCGHTFHARCLDAHLAEHDTCVVCLEPVEIARRGA/ALAAALAAALAAAAAEAARRARHARLRAENRALREARERGLADPSVRPEVLARLAEMIAEHREIAAAGTPEVAAFAAARAAEAEAVAAEIAA
design_5,1.1247,GFCELCGTPGRGPCLACAALGCAGSPETCGWVRLVNGHEFHARCWAEWLAHHDVCPICNEPAEVEESGA/SERERLEAEIARLRAEAAEAEARAEALRARALELAAELAARKAAGEPPTLEAALAAARREHFAALKRANELRRKAEELEAELEK
batch2_design_138,1.1248,KVCVICATPLNKLCIECEEEGCKGSPESCGWCKLKCGHEFHCRCLKKWLSRNKNCPLCEKPLEIEECGE/EEEEEAERRAREEAEERERRRKLAKKIEELEKEAEELKKKEKELEKEAKKAKETVSEEEAKKLEKEAEKVKKEREEVKKKIKELLLSV
batch2_design_222,1.1249,EKCVLCNTPAKKLCAEQKELGYKGDPESAGWMELKCGHKFHSICAKEWLSRNKVCPICNKPMEVEYDGE/KAAELLEKEIERLEKEREEYVKESKKKAEELKKKGEETGDEKLKKEAEKIEKERERYKKKSEKRIEALKRAKELVLEKE
batch2_design_70,1.1257,KECVICNTPLNKLCAECKEKGCKGNPESCGWAKLKCGHEECSICLSEWLSLHSTCPLCRKPVEIESCED/EEERRRELAAIIAERLAELVEELIAENPELAELYRVGARRFVGGFLGGAELAASLVFSLLPPEIAERILRAVLETLEATGTEEAREEAEALRREVEKR
design_9,1.1258,EKCVLCDAPANKCCGPCAAAGCEGSPESCGWTELKCGHIFHSNCLSIHLKAHKTCPVCLKPLEIKSSGS/RAELEARIAALLARDAERLAEAKAKAAELAAEGKEEEGEKLLTSAEKRAETRRRRIAEVLAA
design_28,1.1259,EKCVICNSPYNKCCRDCKLAGCKGSKESCGWVELENGHKFHSICLSEWLATHKTCPICEEPVKIKSSGS/AAAAAAAAAAAAAAAAAAAAAAAAAAAAAAAALAELAAAEAEAAALTPEEAKALRMERVKKELLEKKEKEEEEKK
batch2_design_305,1.1265,GYCPICQTPARKLCLFCKEKGCKGSPESCGWVELKCGHEFHARCLRRWRSEHDTCLLCNEPLEIEKEGS/SELEKEIERLDKEMEEKRKKAREKKKKAEELKKEAEELKAKGTPEAKKKAAELKKEAEAAKKEAEKLEKEVAELSAKRLELLEK
batch2_design_362,1.1267,KFCPLCNSPLNKLCRECKEKGCKGSPESCGWVKCKCGHEFHSICAEEWLKEYEYCPICNEPFEVEKDEE/SKEEEEKKRKELMEKALKEAKKLCEKYPILKPYEVKIAGKAVRLALEKGIPIEEAVKEVVKEELERLKKEE
batch2_design_370,1.1267,KKCVLCNTPLAKLCRFQKEEGYEGDPESAGWAELVNGHEYCAICLGKWLSLNEKCPVCGKPVEIKSRGE/DVEKLMAEAEALYVQAGGYKALAEEGKKEEATAEFEKALAALKATVKKIAALDPEAAKKAQKLLDEVKELRA
batch2_design_119,1.1268,KECLICGRPANKLCLPCELAGCKGNPESCGWVELECGHEFHAICAEEWLKENKNCPLCKKPAKIKKKGK/AAAAAAAAAAAAAAAAEAAAAAAAEAAAAAAEAEARLPLEKLRAKRRAELAKVLEELAKKAAEAAAKAAEEAAAAAAAAAAAKKAAAAAAAAAAAAA
batch2_design_97,1.1269,EECVICNTPGNKLCLDEEALGYEGDPESAGWVKLKCGHEFHSICYSEWLSKNKNCPICEEPAEVEEDEE/AALEAMKERMNKKIEELEKLDPELGKKMREEFEKAMASEDVVSAAREINIKIEKEIRKLKEE
batch2_design_187,1.1269,KKCFICNTPAKKLCATCKAAGCKGDPSSCGWVKLKCGHEFHSICWDEWLAENDTCPICDEKAEIEEDGS/MKEEILAEVEAIHERLLAALDTGSDAEAKAAVRAAYFELLKLAKKLPEKREEIVKIASEMRAAALASSRAEAREIADRAFAEIKKLIES
batch2_design_80,1.1269,DECVICLTPANGLCARQKWEGCEGNPESCGWAKLKCGHTFHRICLEEWLAEHDTCPVCLKPLEIEESGE/ELAELEAQAAALRARAAELKAREAAVRARAAAVRAEAAASESEEERERLLKEAERLEAEAWRLRRQYEGVALQAEQLEAEIAKLKAE
batch2_design_81,1.1275,EECVICKTPGNKLCALCKNLGCKGSPESCGWVKLKNGHEFHAICAAEWLAKHDYCPLCLEPAEVEYSGS/AAAEAAAAELREAESIVEGLIAELRAKGAELLEIDPELGAKLFAEAEALEAASPAEKRRIAAELRAAAAAAAAAAAAAAAA
design_65,1.1283,KECVLCLTPLNKCCLSCKFAGCEGSPESCGYVTLKNNHEFHAICANKWLKENKTCPICNKPMEVEKKEE/DEAAAEALKKLEELEKKEEEAKKKAEEYEAAAEKGIDKENAKKKAEEAKKEAEKLKRLAEALRIVNKELIEAARAARAAAAAAA
batch2_design_48,1.1287,KKCVICNTPGNKLCKYCKKMGCKGSLESCGWAKLKNGHEFHSICLKKWLKHNKNCPVCRKPVEIEYDGE/EKEKLEEELKKAEEELAELASKLLEAKEYAAILAKSPEETRKAMEERVKKYYPDMTVEEALAKAKEAAARLPEIEAEYEKARKRLKELKEKIEK
batch2_design_344,1.1293,GKCVICNSPLNKLCNECKYEGCKGSKESCGWAKLKNGHEFHARCLSKWLSKNKNCPICQEPVEIEYSGE/EEEEKKKLEILEKKVESLMEFAKARAKKKKEGTAQPSSSEELEYLENKILELEEKAEKEKEKNKENKELQKKIEKEYEEKLEELKKEVLEKLK
design_36,1.1298,GYCVICQTPLNKCCVVCKEEGCEGSPESCGFARLKNNHEECSICLSEHLSEHKTCLLCDKPIEIESSGS/SAAAAAAARAAEVDARMARFERALEAARRAAERLAEYDPEKAEELLRELERLAEEAERLAARAREDPSALAELARLEGRVRARRRRVEYEIERLEE
batch2_design_78,1.13,KVCVICLTPGNKLCLRCKKEGCEGSPESCGWVELKNGHEFCAICLSKWYKKHKTCPLCGKPLEIKKSGK/SLEELKKKAEELLKEAEELEKKAKEIAKEAEEEEDEEKADELRDKRNELAKERTELKKKAEELLAKI
batch2_design_285,1.1306,KKCVICNTPAKKLCQECAVAGCKGNKESCGWVELECGHTEHAICLKEWLAVHKTCPVCRKPAKIKKSES/SAEAAREAIAAALAALEERLAAAEARAAELRATDKSAAVAVYRAALAAAQKLRNRVLASPEVAEQREALLAELDARLAALQAKQAAVEAEVAA
batch2_design_272,1.1307,GKCKICDTPLNGLCAGCKAAGCKGSPKSCGYCKLECGHEECSICLSKHLAKNKKCYVCKKPLKIKSCGS/ELAALEAELAAAEAAAQAAEQAAADARQAGDEAKAEALAAEAAALKAQAEALKAKLAAAKAEAA
batch2_design_213,1.131,KKCVICNRPANKCCLCCEEEGCVGSPSSCGWVELKNGHTEHAICLSEWLSVHKTCPVCLEPAEIKSSGS/MAYIEETRARIAAAAELAARDLCAARRLLNAIRTELESALKRGLISAEDYEALKAEIDAALAAVDALAA
batch2_design_182,1.1311,KKCVICDTPLNKLCAVCRAAGCEGDPESCGFVRLKNGHEFHAICARRWRARHEKCPVCRKPLEVEKEEE/KEELEEYLKELKEKLAKAEAELAAAKARREEVARRLAEDPSIAEEAAEELEELDERIELLEDRIARITEAIKLVEERLAAL
batch2_design_76,1.1319,KKCVICDTPLNKLCAVEAAAGYAGDPESAGYAKLKNNHEFHAICLSIWRSKHKTCPICQKPLEIEEEGE/MLSEEELEELEKKKKEEEEEKEKKIEERIEEARALVRAALEARAAAAKAAAAAAAAAAAAAAAAAA
batch2_design_46,1.132,SKCVICDTPANKLCATCKLEGCKGSPESCGWVKLKNGHEFHSICLSKWLSEFDVCPVCNEPVEIEKDES/EEERREGLKELKEAYKELLELSKEYLKLDKESAQKFRQLALKIRNCRELVEKGYDEEALEKGKEAMKEAKAHKAAYEAKLAAEKAAA
batch2_design_273,1.1323,ERCPICNTPGRKLCRECAEEGCEGDPETCGWAELKNGHEFHARCLARWHARHKNCPICNKPLEIKKEEE/KEIEEKEKELKKKKEEVDKLIAEREKLIEEREEATAKAKEEDEEKAKKLREKYEEKVEKLEKEAEKKAKETKELEEKFEKELKEK
batch2_design_327,1.1324,GVCVICLTPAKGPCIFCEEEGCKGSPESCGWVKLKNGHEEHSICASLWLSLFDTCLLCKKPAEVEEDGE/EEEELKKILEALKEALEEAKKKLEEAKAKLEAGPKTEEEKKELEEKLKTYQKLLDVLEAALEKI
batch2_design_145,1.134,EKCVICDTPGNGPCWLCKELGAKGSPESCGWCECECGCSFCCICLKRWLSKNKTCPLCKKPCKIKRCGS/SLLEALKKKKKELEEEKKKLEEEIKELEAKAEGYKLLAEELEKMLATAPDKAKMQAKIDEAKAKLKEAEEKLKEAKEKLKKLEEEIA
batch2_design_40,1.1347,GKCVICNTPLNKLCLPCRFLGCKGSPESCGWCELKCGHKFHCICLSRWLAIFDTCPLCRKPAEIKKCEK/PTPEELARRAALEALYRAELARLDEVDAALARARADPSALPAALELARAAVAAARAALEEAAADPEVAELLRSLLAALELRLEQLERLKAEREA
batch2_design_49,1.135,KKCVLCNRPANKCCALCEEEGCEGDPESCGYSELKCGHEFCSICLSEWLKHNKVCPLCKKPVEIKSSGS/AALEAELAEALAELRALVEELARRAEEITGLPRAETEEEALRLAHKTALLLLTEAHLRDEELAEEVERLLERLEAARERVAALKARIAA
batch2_design_280,1.1351,KKCVICNTPLNKLCATCKWEGCKGNPESCGWVELECGHEFHKICADKWLSEHKTCPICGKPMKIKKSEE/SLEEEKKKLEEELKEAKKKAEEAKKKAEEAEKELEKLRKELEELEKKGEEYKEEVEAARKKMREKQKEYEKLKSEKAKLEKKIEELK
design_33,1.1366,SYCVICETPLNKLCRLCKLLGCVGSTSSCGWVRLENGHEEHSICLSEWLSVFENCPVCRKPAKIASSGS/MEKEYKEALKEFKETAKEAEKLAKKVGDEESLKEVEEARKKVEECEKKLEELKKKGKKEEAEKLLKECLKLAKEALTKCKGILVQLKVEEK
batch2_design_230,1.1369,SKCVICNTPLNSLCALCKIEGCKGSPESCGYAKLKNGHEFHAICLSKWKSIHKTCPICLKPLEIESEGE/MKELEERLKETKEYYEKTTKEVEKLEKEGKYEEAAKLLEEAIERLKETREEATEEDKEYLDSLIQDGEAKLEILKRRIEA
batch2_design_61,1.1373,GKCIICNTPANKLCAFQKEDGYKGSPESAGYSECKCGHTFHSICLSKWLSKNKTCPLCKKPLEIKYSGS/EEDERIDSLADATIESINLFADEAKAYLKATDPANAAAAIAALDAKRDAAIAAVNAAREEAKKKGLEEAEKRFDEILAEFRAFVRALRKAA
batch2_design_338,1.1379,GKCVICGSPANKCCAPCKAAGCKGSPESCGWVKLKCGHEFHAICAKDWLKKNKTCPICKKPAEIEKCEK/GLLAALAAAALAAAAALITAGVAAALAKGYYAVYEYRKELLAAIREALAGVGEAARAAAVAIAEALIAAAL
batch2_design_1,1.1384,KTCVICGTPANKCCAEEKVKGCKGSPESCGYVKLKNGHEFCAICWARWNAKHKTCPICQEPLEIEKCEK/KREEEKEVAEELLALVADLEARADEAEARAAATTPEAAARLAKLNSALWKRLGALKRDSKEAIRAARDALTAEYDAGLAEIEAALA
batch2_design_79,1.1385,KKCVLCNTPGNKLCGTEKLEGYKGNPKSAGWAKLKNGHEFHSICLEEWLAENEVCPICAEPVEIEKDEK/MEAKLKALAEKAAEAKAKAEAVLEEREKLRAEYEAKIAEAASDPELAEKLRKEMFEKLRELRREATRLLLESAKLEKELEELKAK
batch2_design_352,1.1386,KRCPICNTPANKLCAEQKEEGYEGDPESAGWARLENGHEFHAICLDEWLAEHETCPLCLEPARIAERGE/AALAALLALAALAAAAAAAAEQERLDRIAALLAERRRLRREAEKLEALAKETGDEELKRKAEEARARAEEVERELEALKAELRA
batch2_design_116,1.1393,SRCVLCDTPLRQLCLECRYAGCEGSPESCGWARLVCGHEFHARCLSRWLSKHERCPVCQEPVEIEESGS/AAELAARLAALRAELARAEAERAALEAEYEATLAYIEENWDKLPKEKIGEILLAKLRELTAARRRALALRAEIAALEAEA
batch2_design_361,1.1399,SVCYLCNTPANKCCKECKEKGCEGSPESCGWVKCKCGCEFHSICLEKWLKENKNCPICLKPCEIESSGS/DEEKAKEIEKKTEEKVEEARKEREEEIAKLPEEKKEEAKKKAEEELEKLRKEVLLEELKKLGKK
design_48,1.1401,GFCAICDTPLNGLCADCREAGCPGSPESCGWTRLKCGHEFCARCLSRWHARHETCPLCLEPLEIEYSGS/GLAALLAALAAAAAAAREARIAELEAEAERLEEEARKASPEERAKLYAEANRLWLEAEALR
batch2_design_55,1.1402,KKCVICDTPANKCCAWCEVDGCKGSPESCGWAKLKCGHVFHSICLKKWLSKHKVCIVCKKPLEIEEDKE/KEAEEKARAAELARLKAELREYRGRAKELKLELESGSEELLKKIEELQKDAEGRKKAEALLAEREKTEAELKELEAKAAETQKAIEALEKA
batch2_design_35,1.1407,DYCVICNTPGKKLCLWEKKEGPKGSPESSGWVDLKCGHSFCSICLSAWLEEFETCPVCKEPAEIEKSGK/SEELKLAVKVKKELTEFREKAKKEGNLEKAIEYAKELKKKNEKSELTKEVCERFIEELKKE
batch2_design_129,1.1411,KKCVICNTPANKLCKECKKKGCKGSPESCGWAELECGHVFHARCLRRWLAKHETCPLCNEPVKIKKEEE/AAEERAAELAELEKEKEEAKKELEEAEKKEKEAKEDPSTKEENEAFVEEVKKKKKGVEKLVEEREAAAAAAAAAALAAALAAALAA
batch2_design_172,1.1412,SKCVICNTPANKCCFTCCLEGCKGSKESCGWAKLKNNHEFHSICLSNWLKKNKNCPICNKPVEIEYSGS/ELKKLYEKSKKKLEAIEKERAAALARLAEDPARLAEVEAALAAAKSASEKLAIIHLATAALEAEERGEDLAEAAAKAKEEAKKLAEEYKKNTQLISAYE
batch2_design_312,1.1415,KKCYICNTPARECCEDCKEEGCEGDEEECGWAKLKCGHEFHSICLKKWLEEHKTCPLCGKPLEIEEDGE/HMEKEIEELEKEIKRKEEEIEKLKRHLAEIKANPNASPALLEKVEKRIEELEKERERLKKELEELKKKAE
batch2_design_123,1.1415,EFCLLCDTPGDGPCLEEAAAGCEGDPESCGWVEGKNGCEFHAICAKKWLAKNKNCPVCKKPFEIEKEEE/AAAAAAAAAAARAAALARAKAKKEEREKVYNEAYEAAKKAGLPEEEAEAIGKAAEEKAKEEKIAEKAAK
batch2_design_271,1.1416,EECVLCNTPGNRCCATCAIAGCKGSPASCGWAELECGHTFHARCLDRWLAEHETCPICLEPLKIKRRGS/AAAAAAAAAAAAAAAAAAAAAALAAAAAAAAAARRAALEEEVRRHRERLREENRRKREEE
batch2_design_157,1.1416,GKCVICDTPLDKLCATCKYAGCKGSPESCGWVKLKNGHEFHAICLKKWLAENKNCVICNEPLEIEESGE/LEEKKKELEEEYEKKKAELEERVAKAKATLSPEEYVKVKEEAAKERAKATREYQEKLKELK
batch2_design_316,1.1417,DFCVLCNTPGNSLCAWCKIEGCKGNPKSCGWVLGKCGHSFHSICASAWLSLHTTCPICKKPFEIEKDEE/KEEVEKKKKELAEEERKKIPEYQKLSIEEITDALFVEIRAKNYLLEKEKKEKEKEKKEKE
batch2_design_317,1.1424,GKCVICNTPANKCCADCCVDGCKGSPESCGWVELENGHVFHSVCADKWLAENKECPVCHKPAKVKKRGA/MTEEEKKKLEREYFELEAKAKRLEAEIKKLEEEAKKSKDEEEKKKLEEEIKKLKAEKAKTEAEAAALKAELEA
batch2_design_75,1.1427,KFCVICNTPLNKLCLECEKKGCKGSKESCGWAKLKCGHEFHAICLGKWLAKNKNCPICRKPLEIEECGE/AVAALLAAIEAEIAALRAATEAEIAALEAEALAKGTLEDRIAALEEAQRLRAALEERVAALEAEMAALR
batch2_design_95,1.1433,KRCVLCNTPGNKLCLFCKEEGCKGSPESCGWVELECGHEFHSRCASLWNKVSKVCPICLKPMKVKKDEE/SEEEEKKKRIERLKKSIERVEALIAELAKEFPERAAALAAAAAAAVAAAEGDAEAARRAALEAARAAFRDNPELCVLLAALESLLEELRELEAE
design_30,1.1434,DKCVICNTPANKCCAFCKEEGCEGSPESCGWCELKCGHKFCSICLSKWHSKNKNCPVCQKPLEIEYCGS/MTPEELEEEREREERIEELERRVEELRAEMERIAERCPELDLEEATARLDALLREAREALLERMRLSGTEEVKEEAKELGEEINLLVAELRAKCR
batch2_design_322,1.1436,KKCVICNTPLNKPCILCEVDGCKGDPESCGWVKFKCGHEEHAICAEKWLKKNKKCIICRKEMEIEEKKE/EAIAAVRREAAERKAELNDELIEKSKGEKEEFEKFRKEVEEEMARIDAEAEARIAALEAA
batch2_design_10,1.1437,KECLICDTPLNKLCYWCKREGCKGSPESCGWTKLKCGHEFHSICLSAWHSKFKNCPLCNKPLEIEKSGS/EELEEELKKLEDIEKMGKLYEESEKLEKEGKKEEAEKKKKELEELKKEHKEIIEKAKKKFPNLNEGEIIKLLSTQAEIKIERLKKMLE
batch2_design_254,1.1447,KKCVICETPANKLCLWCAAEGCRGSPESCGYAELKNGHKFHARCLAEWLAKNKTCPVCQEPLEIKSSGS/AAEAAAALAALAARRAAAAAALAAARAEAAALAAEDPKRAAQLLAEIASRARRAEAEAARAAAAIAAAAAA
batch2_design_142,1.145,GECVICHTPLNKLCFFQKAEGYKGSPESAGYVKLKCGHEFHAICARRWRAVNDTCPVCKRPMEVEEEGE/PSLLDLLAAALADLEAAFARARETAAELLAAAAARRLAAGADPAAVAAEAAAEAAAWEARLAAVRAKVAAEIAALLAAL
batch2_design_137,1.145,KFCPLCFTPLNKLCAPCALLGCEGDPESCGWCRLKCGHEFHSICLSAWLSKNKTCPICGKPVEIESCGS/AAAAAARMRALAARIEAKAAELIALDPSLKPLMECRIQAVELLLPHPEGLPRAEEILAEVEALLAEVKAK
batch2_design_2,1.145,DECVICGTPAAKLCAARRYEGYKGSPESAGWTTCKCGHTFHAICAAEWLAEHEKCPVCEKPYEVESSGS/AEEERRRREAERRALEEERERLRRKAEELEKKLEADPGNVKLAGEARRAKRRAERLELEL
batch2_design_347,1.1456,GYCPICNTDANKLCRDCKKNGCKGSKSSCGWVELKCGHEFHSICASKWLSKFKTCPLCRKPAEIKSSGS/SEEENEKVAELAVEKVRKELEAEGAPKEEIEKKAAEKRELMLNHVVVIHELLQEDEEKAEEFRKEYEEYKEEI
batch2_design_69,1.1458,GKCVICNTPLNKCCGECKYKGCKGSPESCGYVELKNGHKYHAICAKRWLSKFKNCPVCGKPAEIKYSGE/GAAAAAAAAAAAAAAAAAAAAAEEAARAFVERAKELAEKLASGEKREEAVAEFREHAAAFRAELAAREELLAARNGSPEERLELCRCRAVLTELERLAAE
batch2_design_26,1.1459,SKCVICNTPANKLCANCKKKGCKGSPESCGYTKLKNNHEFCSICAGIWLEFSDKCPICDKPAEIEYSGS/AAAEEAAREAKRREEKTEIYLKIAKKTGIVGVPDEEIAKIVKARLDEEKAKAAAAAAAAAAAAAAAAAAAAA
batch2_design_32,1.1464,EKCEICDTPANKLCAFGRYLGYKGSPETEGWVKLKCGHTFHSICAGLWLSINKNCPICKKPAEVESSGS/GLLAALAAVLAGVLAVIEAAYARSLEEAVELVERLGHFVEKVLGSKAAAALLREGARRMRADPERALEIFREALLRAVAALLAEL
batch2_design_353,1.1471,KRCPICLTPLGKCCLFCREEGCEGDPESCGWVKLKCGHEFHARCLENWLSFHDTCLLCKKPVEIEERGE/DSWAEVLALAARVAAEVAAELRAELAALPPAELARLLAIAERLALLYPLALARRDVHEALEAWRAAQAAGPDPAARRALLDRLLARIEEVLSKELG
batch2_design_189,1.1478,KKCVICDTPLKKLCALCKILGCKGSPESCGWVKFKCGHEECSICASIWLKHHKTCPICGKPMEIESSGS/YREKVEKLIEELRKRVEEQKERLEKEAEEEIAKSTPEEAEKIKEQLERIKEAMEIVLEEREKELKEEAEKKE
batch2_design_283,1.1478,KKCWICDSPANKCCALCALLGCKGSPESCGWALLKNGHEFCAICLSEWLKKNKNCPLCKKPVEIEKSGS/MVEENKKELEALRAEIAAEAAAAAAAAVAEAAGSGLGPAIRAAAAAAGILRYREAIQERK
batch2_design_332,1.1486,DLCVLCQTPANRLCADDALAGAAGSPESDGWAELKCGHTFHSRCLKKWLAKNKNCPLCKKPLEIEKCEE/SLEAEIAELREALAEARAEAAALARRAAKLAARLAELRAQGASPEEIAAAEAALAAARAALAETEARAKELEAKLKALEAELEAL
batch2_design_150,1.149,KKCVICNTPLNQCCADCKELGCKGSPESCGYAKLKCGHEECSICLKEWLAKSETCPVCKKPVEIEKDEE/AAEALAAAAALRAEAEREAAELLARAEAASPAEAARIRREVALRLRETEERVAALLAEAAAA
batch2_design_247,1.1491,KECVICNTPLNKLCALCAIEGCKGSPESCGWVKLKNGHEQHSRCLNEWLKKFKNCPVCKKPLEIESSGS/MKEKEEEKKFEELKKEIEYLMEKRKELAEKAKKSSPEDAKILWKSIKSLEEKIYELLDELAKTGKGKELAKKIKEELEKLREELEKYLK
batch2_design_267,1.1504,GKCVICDTPANKLCAPLKAEGYKGNPESAGWVKLKCGHEFHSICWDEWLSEHSVCPLCHKPAEIEKSGS/AALAAAEAAREAEIAARIAAAKEAAAAAIAAAKAAGTEKATAKELAKEYKKLVFALLSERLEWKKAQ
batch2_design_170,1.1506,ERCEICNTPANGPCADEKAAGPKGSPESHGWVKLKCGHEFHYICAKRWLAKHKTCPLCKKPMEIEESGK/SALAAAVAAAAAALAARRAQRLGGAREEAERLIAAGEDPERARRRLEAAEELAAEEEAAFLAALAAAA
batch2_design_232,1.1507,GKCVICNTPANKLCYWEKEEGYKGSPESAGWAECKCGHTFHSICLKRWLKKHKTCPVCEKPLEIEKDGE/STEKEIEELKKELERLKKEAKYKKELLEKAPEEEKPAYKRVYELLEEEAKEKEEELKKLLEKKEEEKREEEERKKKA
batch2_design_131,1.1518,KKCPLCDTPLNKLCLLCKELGCKGSPESCGWAELKCGHEFHSICLSRWLSRNKTCPICGKPVEIKYSGE/ALEVLKKRTEEKLKEAERLKELAKKDPSLAKEAESKERIAEYLKELLEEIEEERKAKEEEEK
batch2_design_143,1.1532,KKCVICNTPLNKCCLYCKEEGCKGSKESCGWVKCKCGHEFHSKCASRWLKLNKVCPVCDKPFEVEESGE/EVEKLKAEAEELLAKAKAVKAERDALAAKGKAEAEALKAKGEEAAAAAAAAKRDEEVAKLTEERTKLLTEAYRKLYEAEKKEKE
batch2_design_286,1.1536,EKCLICDTPANKLCALCKLLGCEGSPESCGYVKLKNGHTFCARCAREWLAENKTCPLCKKPMEVEKEDS/EEALKKLEEEAKKKIEEIEELLETGEKREEALKLIEELKKNIYYRPIVEEFEKRLAAKKAAEKAA
batch2_design_5,1.1538,KKCELCDTPGNKLCLECEVEGCKGNPESCGWAELECGHEFHAICLEKWHARHDVCPLCGEPLKIKERGE/LEEEEEKDREEARELLKKRAEAKKKAIEKKRERDKLIEEGGTPEEIKKLEEELKKYEEEAKKIEEELDKLLEERKKRREELE
batch2_design_214,1.1538,SECVICDTPANKLCATCKFDGCKGSPESCGWAELECGHTFHAVCLEEWLKKHKKCPVCKKPAKIKKRGE/GAAEEAEKAAKEAELEKAKKEAAKLKEEAAKLEKEAEELLKEAEENPEKKEELLEEAELLKRKAAVKKAKAEALEYQVNKEKIKKEEELKKLAE
batch2_design_134,1.1542,DRCLLCDTPANKLCKECKEKGCKGSPESCGWVDLKCGHSFCSICCSKWLSVFETCPLCREPLEIESCEE/AEEAELRARAVEARAELLRAQLRAEAAAAVAEAAARDPAEAAALKAEWEARIAAAEAALR
batch2_design_315,1.1543,KKCVICCTPLNSLCVECKVEGCEGSPESCGWVKLKNGHEYHAICLSKWLSKFKKCPICGEEVEIEKSEE/KEEEKEALIEKAKEEFEKLVEKLEKEAEKDPEGKAIAESIRGQIETMFELWRKGKDVEEQAEYLIDLLEEAAKKFKGEAKKICLEIAELVKEHKEKLLK
batch2_design_28,1.1544,KKCVLCDTPANKLCFGHKEEGYKGSPESHGYVELKCGHTFCAYCYGKWLSKYKTCPLCGKPAEIKKSGS/AAAAAAEAAAAAAAIRAAAAARQAEIAAEADRRIAEVGPKEATDIRIEALRRIQEVRAAGEAEIAAHKAALAAALEAAA
batch2_design_43,1.1554,KFCEICNTPLNKLCLDCKALGYKGSPESAGWAKLKCGHEFCAICLDKWLEKYKECILCKKPVEIEKREE/ALLLALLAALAALAATARLIAEKTLEAKIAYLEEQGKKEEAEKVRKCAEVDLNNGVAYATSILADKPELAAAIAAEAAAAGAAESLAAALALALAAL
batch2_design_259,1.1559,ERCELCDTPGKKLCLFCRFLGCKGSPESCGWVELECGHTFCAICASRWHKHYSTCPLCQRPLKVKKSEK/AAEAAAALAARQAAAAAAAARAAARAAKLRAADPAAAAAIDATLAALKAALEALVKDPSTFPEYEAVWVAARHHFGALARAAAEAAA
batch2_design_355,1.1563,EKCVLCNTPLDKLCYECEEEGCEGDPESCGWVELKCGHKFHAICYREWLAVLDTCPLCGKPAEVKEEGE/EEERKKLLEEIEKLKEELIRKRAEVVRRVKELLEEAERNPERREELEAEARKLLEELEKEREKVRKKIKELEKKVKE
batch2_design_83,1.1563,SRCVLCNTPANSLCAEQRLAGYEGSPESAGWAELKCGHVFHSICLKEWLAKNKNCPICHKPVEIKSSGD/EEEEERLKRQREVEEEAAARRAAAEAELAAREAAEAAKAAAAAAAAAAAAAAAAAAAAAAAAAAAA
batch2_design_38,1.1568,ERCVICNTPANQLCGGCREDGCAGDPASCGWARLKCGHEFHARCLGIWLSVHETCPLCEEPVEIEEAGA/SLEELRAALAARREALEARRARRREQAAALRATGDPEAARVGDNLLASAEAEEAAFEEEA
design_32,1.157,KKCVICDTPANKLCALCELLGCKGSPESCGWVELKNGHEFHAICLAKHLAESKVCPVCKEPLEIKKSGS/SELLKEAEKEFEKAKRVADALGEEVEKEVEKKFEELKKLLENPENLEKILKEAKELLKELEKKLEEKRKKRLEELKKKREEYLKLKEEEEKLKEEL
batch2_design_141,1.1574,KKCVICDTPLNECCVECKEKGCKGSPKSCGYCKLKCGHEEHAVCLSAWLKHSDKCPVCKKPAEIESCGS/AAAAERAAIEAEIKAAAAAEVAKAEAEIAARFADNPAAAAWMKAVAKARAERAAKAAVAAAE
batch2_design_238,1.1574,GKCELCNTPANKLCALEELKGYKGSKESSGWVELKCGHTFHSICLNKWKSISEKCPICGKPLEIKYSGE/SALEERRKKLEAEIAALEKKIEELKKKMEELEKEYEEFVKEIVEEEKKTDFETARKKLKEGRKKYSEEMKKLKKEYKEAEAKLAKAKAELAAL
batch2_design_104,1.158,SYCPICNTPANKLCALCKEEGCEGNPESCGWAKLKCGHEFHAICLKKWLEKFDVCPLCNKPVEVEKEEE/SSLKEELQKKIEELKEKIEELKKELEEKTKETKERLEKFNEKGEEEREEREKTAAEWYKFYQEAEKKIKELEEEKKKAEEELK
batch2_design_51,1.1596,DYCVICFTPANKLCAFCEEEGCKGSPESCGWADLKNGHKFHAICLDRWLAVHDTCPLCGKPAEIASRGS/AEEEARREALREEYRRLLAEAEEELERVREETGDPAVVEAKARELADRLAERAKAILAELAA
batch2_design_120,1.1611,KKCVICNTPANELCAECKELGCTGSSSSCGYVKLKCGHEFHSRCLSLWLAVNKNCPVCKKPAEIEYAGS/SALAAQAETACRALVGLYHNDPEKARALFEERAAELLARDPSVRPVLEACRERLAEVEAR
batch2_design_93,1.1613,KKCPICDRPLNKLCLECEEEGCEGDPTSCGWVELKCGHEFHSICLSEWLSENKECPICKKPMEIKYSGS/SLEKLKEEFEKLLKELEEAVEDVTKRAEILALKRKLRKLAEKAPEIKEEMEKRLAKLEKEYKERLEAEKKKKEA
batch2_design_13,1.1614,KECVICNTPGNKCCTCCEELGCKGSRESCGWCKLKNGHEFHCRCLSTWLAVSKNCPLCGEPAEIESCEE/DTEICKRVLDRVREMEARIAAEVAALDPLDAARAARERWEEEFKEEEERIKKEGEKLSPCDKKLLLSWLEAERRGVTRRLDRELAAIEAAA
batch2_design_311,1.1615,KECVICKTPLNKLCAECKKKGCKGSPESCGWVKLKCGHEFHAVCLEKWLSLSETCPVCKKPAEVEEKGE/REARLAALRAELARLKAALAEAKAEAEAAAAKIAELKARMAELKKGDPETYAKELPKLEAELAAAEAKLRELKAKALELENAATAVERELEELEAE
design_11,1.1616,KRCPLCNTPGNSLCLECRHAGCEGDPESCGWCELENGHEFHCCCLSEWLAQNKTCPLCQKPLKVKYCGS/AAAVEAALAAALAAVAAEVAAAAAGLDRTCAIALSRIEAAAAAASPELQAEYRAKREEYTTQWCAVEGAAALAAAAAAGLAAAAAAAAAAAAA
batch2_design_342,1.1617,GRCVLCDSPLNKCCALCAVEGCEGSPESCGWAELKCGHSYHARCLKKWLAKNKNCPVCKKPVEIEKEGE/MKRVEELRKAAEAAAAEAAALRAAAATPEIAAAAAAAEAKARELRRELEEAEREEKEKKEKEEEELK
batch2_design_86,1.1618,GKCVICDTPANKLCAGQKYEKPKGSPESAGWAKLKNGHEFHSICLSEWLKKHKVCPICHKPVEIEKAGE/EKEKLAAEYEKEAEKYKKEAEEVKAKKTAEAEAAKAEDPEKAAEVKKEMEKEVAVLNKKAKAAKEFAERIKES
batch2_design_205,1.1626,GECKICNTPLNKLCAICKLLGCKGDPESCGYAELECGHKQCSICLKKWLSVSDTCIICNKPVKVKKDEK/EELLAALEKAEAHLKALFEEREEKILKKVKEEAAKLSPEEREKKLKEVEEEFKKKREALEKALAEEREKIK
batch2_design_331,1.1629,KYCVICNTPGNKLCRECKKKGCKGSPESCGWVKLKCGHEFHSICWSKWNKFYKECPICKKPLEIEKSGK/ALEAELEEEEEAEEEEEEEEAEEEEEEEEEEEEEEEEEERERIEESLKEIEEEEERKKREEEEERKKR
batch2_design_257,1.163,DFCVLCQTPANKLCQTAKYDGYEGDPESHGWAELKCGHTEHSICLSRWLSKHSTCYVCDEPVEIKEDEE/EEEERREEEERAREEEEREREEARKRAEEIEEENDRDAELREAGAAAKAALARGEDAEEAAKKIAAAEAAKAKRAARV
batch2_design_7,1.1631,SKCVICDRPLNKCCKECEEKGCEGSPESCGWAKLKCGHEECSICLSKWLSLNKNCPLCQEPAEIEYSGS/SMEGFLENVRAILATDPATAAQLLAKLAEALELRGPEFLEAAWAYLEKELGPEEAAALRAAVDAARAAAAAERAKRAAEEERKKEEEEK
batch2_design_248,1.1631,KKCVICNTPANKLCAECKEKGCKGSPESCGWTELKNGHVFHSICLSRWSSKHSVCPVCSEPLEIKSSGS/MDELLRELTAERRRYEAALAELIARVADSPLAAELRALRAEAEARLQEALISGSDELFRELIAELRARTAEIRALL
batch2_design_321,1.1636,RRCVLCDTPLRRLCRECRREGCRGSRRTCGWVRLKCGHEFHSRCASLWLSVHSTCPLCGKPLEIASSGS/DELLRRTEEEVRRLRVLERGEVARLRRLAAEDPERREEYLAEAERVRERAREEIERLREETERKLRELEER
batch2_design_23,1.1636,EICVICNRPANKLCREREEEGYEGSPESDGWAELVNGHTFHAICLSRWLAKHRLCPICGEPVEIAREEE/SALEAARQRLIAAQAELAKLKAELAALEKQAKEDPEKAKPALEAAKARLAEAEARLAAVQAELEALE
batch2_design_185,1.164,KMCVICDTPGNKCCYFCAEEGCEGSKESCGWVELKNGHEFCARCAKAWNAKHKECPVCGKPLEVKKSGK/YEEERAAVRARVEAERAAAAAAAQARIAAEGPAAAAAARAALAEAAAAARERLREENAKLARKESEEKRKKEEEEKLKKELE
batch2_design_136,1.1655,DKCVICNTPANKLCAKQKEEGCKGSPESCGYTEGKNGHKFHSICASKWLSRHKTCPICRKPFEVKSSGS/ADLEAELEAALERLRALLAEAADDPALAARAQEAIETARSMAEVGGLEAGLEVVRAAIAELEAAA
design_14,1.1656,KACYICMTPLNKLCRECKEKGCKGSPESCGWAKLKCGHEFHAICLSRWHSLNKKCLVCAKPLEIEESGK/EEKEEELRFMREVIKELAELRRKNASVDPEMAKEAEWLEEIAALTLEEMPKALEERRKEVEAALKARAAAKAAAEAAAAAAAAAAALAAA
batch2_design_341,1.1658,RECVLCDTPGRGPCRDCAEEGCEGSPESCGWVRLKCGHEFHAICLSRWLSVNSTCPLCGEPVEIESEGS/TEEEIAALRAAAAEQRARLAALEAELEAEVAAAPPEERPALREERDRKLVELRGEINRLERRAAELAAAHA
batch2_design_207,1.166,SYCEICFTPGNKCCLFDKVLGCEGSPESCGWVKLKNGHEFCAKCAKLWLAKHKTCPICGEPMEIESEGE/EELKKKIEEKEEELKRFKELSAKRKEVLTAYAEELIAKAEAEDPALAEKLKAAYEEALAAYDKYFEEKKKKMEEEIEKLKAKC
batch2_design_174,1.1662,EKCVICNTPGNKLCLTYKKKGYKGSPESHGWAELKCGHSFHAYCLSIWLSENKECVLCREPVEIKRRGK/SEEEKKLIRENAEKARAEVDAELEALLLAEDPSLPARLAALLERLADDPEAGRKEAAALLEERKKELREKLR
design_37,1.1662,KKCWICDTPANKLCREEKEKGYKGDPESSGWTKLKNGHEFHSICLSKWLSVEKTCPICKKPAEIESSEE/SEEELEEYKKLAEEFKAKAAELRAKAEASADPAERAKLLAEAEEYDKLAEIHERLAKALEEKLKKEKEAKE
batch2_design_168,1.1664,KECVICDTPLNKLCIFCEKEGCEGNPESCGWAKLKCGHEEHAICLNEHLEYSDKCYVCKKPIEIEKREE/SLLEELLKKLKEKEEKIKKLKEESEKEIKELEKKMKEIGYPEEYIKKKIEGKKLKTEEEIEKLKA
batch2_design_107,1.1666,KKCVLCDTPANKCCLLCKEEGCEGSKESCGWVKLKNGHEFCSICLSAWHALEKNCPVCGKPLEIEYDGE/MEVEKRLKELKEKLKEARAEFRRLMAEARRLEAAGDAAAAAEARAKARAALERAKELEEEIKELEEEAKK
batch2_design_239,1.1668,SHCEICNTPGNKLCALCAELGCQGSPESCGWAKLKNGHTYHAHCLGLWISLFKECPNCLEPVEIESSGS/SLEELEKELEEAKKKLYELTRALYEAIRRGDTPEKIEELKKKVEEAREEVKRLKKELEEAK
design_45,1.1673,KHCEICDTPGNKCCAWGELEGCEGSPESHGWVKLKNGHEFCKICLEKWLKENKNCLICGKPVEIEESEE/EEEERAAREIERAVREARGAALKANHLYKQNKEEAAKLRAELEARIAALQSSPVGKEAADRCAAVAAEIEAAFEAELAAAKA
batch2_design_313,1.1678,DYCVICDTPGNKCCWDCKKLGCKGSKESCGWCELECGHSFCCRCLSEWLKYHKKCILCKKPVKIKKCGS/MEMEEKIKELEEEAEALEEAKEIRKKVYEEKAKKAAEEDKEKAKEIKELMKEYEEEMEKKIEELRKKKEELEKEK
batch2_design_90,1.1681,SFCPICNSPARGPCYLCKEEGCEGDPESCGWAKLECGHEFHSICLSRWLALHDTCPVCKKPVKVEEDED/LEEVRAQLAAAEAELAAELARVPAIAAEMQARVAAARAEAAALPDELAALRHLLETALQATRLASYLSS
design_22,1.1691,SKCWICNTPANKLCAGCAVAGCKGSPESCGYVELKNGHEFHSICLSKWLSKNKNCPICNKPVEIKKDEK/AAAAAAALAARKAEVDAIKAALAKAREAFKKELEEKAKKITEEYKKRGDLEAAKKAKEECEEQYKKFSAMLDEEIAALEADLAALEAAAKAAA
batch2_design_349,1.1692,ARCAICDTPAAGLCAEQAEAGYEGDPESAGWARLKNGHEFHAICLGEWLAENKNCPICKKPVEIEESGE/AAAFLAALAEKAAALAAELAARRAALEAAFAERAAKLEAELAAAAAAAKDPAARAEAAAKVAEERAALERERENVLKAAEVKAARRLAEFLAE
batch2_design_263,1.1699,MFCYICGTPANKPCFTCEYAGCKGSPESCGYVKLKCGHEEHAICYSRWLSLSKNCFICREPAEIESSGS/SLLEELKEKKRKELIKKLEEELAALTKETLAFCARASPEEALRARVAYQRRAGELRTETTLLIEDEETAEEVAKLEAEIVARVEAEAAATIAALA
batch2_design_17,1.1703,KKCWICNTPANKLCLDCKEKGCEGNPESCGWTELKNGLEFHSICLSLWNKYSKTCPICEEPLEIKYSGS/EEEEEELEKLLKVLEALKKAKEKAQAELEKLTAKYEEDPEKYAEEVKKAKEDLERLTKSIERVEEEIEK
batch2_design_67,1.1704,SFCVICNTPANKLCGECRFAGCEGSPESCGWARLKNGHEFHAICLKKWLARHETCPICNEPVEIEESGE/EEREERERLAEETERLLAELEARLPEYTAEELRAALALCEELIALLERLREEAEREGDEELARRFRRLEARAIILANRLRRRLLELERREAEEAAR
batch2_design_196,1.1709,ERCVLCNTPANKLCSECAEEGCEGSPESCGWCKLKNGHEFHSVCLGDWLHVNKNCILCNKPIEIEECGS/SELEELKKKLEEKTKLFNELAARMRARMAELLARNPAVAPYAAEMNAAIEKMEEYLKKAEEALKKGDLEKAKEYLLKALRELNLALRALRRAEALA
batch2_design_234,1.1711,SKCVICNTPANKLCALCKELGCEGDPESCGYVKLKCGHEEHKICADIWLSRHEKCPLCREPAEVEKSEE/AEEQEAAREALWREREEVKEEAEELSPEERARRLAEMLLRAAKVSAELFAEFLEELEEEVEEEGEEAEEILRLAIKHVQESL
batch2_design_165,1.1711,KKCVICDTPANKLCYFCRRRGCRGSPESCGWVKLKNGHEFHSRCASLWLSENKTCPVCLKPAEIEESGE/MKEEMEKAREEAKAKAAASKDPELAALWQEIANIYEEALKKLEEDEGKARALYAKARVLRKGVEELE
batch2_design_367,1.1724,GECVICLTPANKCCAFCKYEGCSGSPESCGYTELECGHTFHSICLSAWLKENSTCPICKKPVKIKYSGS/MELEKRIKEETEEICALLSGPRREEAEKKWEELNKEFEEEIKKLKEEAEANPEKKEEYEEKIKKLKELKEEMEKRIAERRKLVEINR
batch2_design_270,1.1724,KYCSICLTPLNKCCLECKALGCKGSPESCGYVKLKNGHEECAICLSKWLSKHKTCPICGKPAEIEKSEK/SLLEELEAIAKERAELLKKNIEKLKEEKEKLKKEAEAAKAAGDEEKAKKLEGKAEALEVGLE
batch2_design_25,1.1727,KKCKICNTPANELCFECKEKGCKGDPKSCGWVKGKNGHEECAICAKEWLKHYKECPICEEPFEVEEEKE/SLEELLKKLAEKKCEELKKEIEEEEEELLKWRKEKIKECKKLEEEDPEKAKKKLEEIKKEHIERVKELFKKRKEAEEECKKLLE
batch2_design_163,1.1732,GRCVLCDTPANKLCALCRLEGCEGSPESCGWMECVNGHTFHAICAARWRAEHDTCPVCNEPLEVASSGE/ALAAEIAALRAEARETRARLRTEALRLRAQAKKSKDPATAAALLARADALEAEAARVAAEAEARIAALEARLAAE
batch2_design_244,1.1737,GKCVICNTPANKLCAFCKADGCKGDPESCGWTELKNGHTEHSICLSEWLAKFKNCPVCLEPAEIKSDKE/KEKIESLEKKIEALERLRESVKKRYEKEAEKAEEEDKEKAEKIKKKMEEYDKEMEKKIEELKKELKELKEKS
batch2_design_22,1.174,EECVICNTPLCSLCAECAEEGCEGSPSSCGCAFCKCGHKFNARCLERWLKLSKTCPICGKPLEVEKRGS/EAEERAREAREWLRRLRAELSSKSLEEKREDAEILAKVSPRHREAWLEFAEELAAELAEREAA
batch2_design_53,1.174,KKCVLCNTPLNGLCLECKEKGCKGSPESCGWAKLENGHEFHSICLSKWNSINETCPLCKKPLKIASDGS/SAALAAAKAEIAALEKKAAEKKKELEELAKKAEEKDKEASKVIKAFLEYVKKKEEEEIAKKKAEL
batch2_design_368,1.1747,EKCVLCNTPANKLCAECKFDGCKGSPESAGWAELKNGHTFCAICLGRHLAKHKTCVVCQKPLEIKKSGK/SSKEEALQAHLDAAEAERLAEVEKEFGTQEAVEAMKAIIAEVRALGGSARDKLIALTAGVNKLIHERRKKAA
batch2_design_228,1.1751,GECRICNTPANKCCFECKKEGCKGSPESCGYTELKNGHTEHSVCLSRWHSVSDKCPVCKKPLEIKSSGS/SPEELLKETEEKVAELEKLAEDIEAEAKESGDPEHAEKAKELAEKIRERAAAIRAETEAKIAALK
batch2_design_16,1.1754,EKCEICDRPGKGCCADCAAAGCPGSPESCGWTELKNGHKFHSRCLSRWHSLFKFCPLCGKPLEIASSGS/AEREELLERARAALLERYTAAAAEEAAKFKAAGDPALAAEVAKELAAAAEAKAAEAVEELIRNNEEAKEEEERKRLEEL
batch2_design_351,1.1754,KKCVICNTPGNKCCRECKKKGCKGSKESCGWVLLKNGHEFHSICLSRWYSVNKNCPLCNKPLEIEKDEK/SEIEKKEKEELEKLKEEFEKRIAEAEARYDALLAAAPPEEKAAVLEEREKELVSLRAKEAGEAKKIKEEYKKKKEEEEAKKK
batch2_design_0,1.1757,GECVLCQTPLRKLCLEEEAAGCEGSPESCGWTRCKCGHEFHARCLARWLAEHSTCPICQEPVEVEESGE/SEEERLEEEEEEARRKKEEAAAARLAALKEAAAARRAALAAAEAAAAAAAAAAAAAAAAAAAAAAA
batch2_design_339,1.1759,KKCVICDRPLNKLCFFCAALGCVGSPESCGWCKLKCGHEFCAICASRWHLVSKECPVCKKPLEVEKCEK/EKLLLELLKKEGERLKERLEMKEELARLKAKAAADPATAAEYNAKAAELEAKLAAIDAEAEAIAAARAAAAAAAA
batch2_design_235,1.1761,GKCVLCNTPLNELCAEQKEAGYKGSPKSAGWAKLKCGHEFHAICLERWLAKHKNCPICNKPVEIEERGD/MHTPLNEALAEALATMDKATAELLELFKDDPEKQKEVLRLYERYKARMEECAARGNIEAVKLVTEDFLDDMEEMKKKYEAEKAAK
batch2_design_99,1.1765,KKCVLCNTPLNKCCKECEKEGCKGSKESCGWTKLENGHEFCSICLSIWHSKNKNCIICNKPLKIESSGE/PLSPAELLAQLAAERAAIEAELKAAEAEYKAATEKGTEEIAKLEKKAEEGNLEEHVEYTAEALKKKAELAKKKAAYEAKKAAAEARLAEIDALLAA
batch2_design_319,1.1766,KICVICQTPGNSLCFEQYAEGYKGSPESAGWVKFKCGHEEHAICAKKWLEKNKNCPICNEPMEVEKEES/SEELLKEREKLLEESLKLSQEIREKRKKLKELKAEAEKTGKEETKKELEKQKAELKEIEKTLGAKAKECREKALELTRKILEEKKK
batch2_design_56,1.177,EICVICLTPLNKLCLECKLKGCKGSPESCGWVDLKCGHKEHSICLSEWLEVLKNCPICNEPMEIESSGS/SSKLKKEFEEELKKLKEEMEKRKELLPESLKPILEKRLEGIEKLLKKIFEEDIEKGLEAAKKLLKREKEDVETLKEQRALEEA
batch2_design_209,1.1773,KECKICATPLNKLCLFEEVEGCKGSPESCGWAELKNGHEYHAICLKKWYSLNSRCPVCNKPLEIKYCGE/SELEEEYKRKLERLAAWREEAAADPELRALIDEAEKALEKRVELEKEIVENQELPEEELKKLNEELIKASKELRELLKQVEAALAAHRAAKAAAAAAA
batch2_design_226,1.1776,KKCVLCDTPARKCCKDCCEKGCEGSPESCGWARLKCGHEFHAVCLSLWLSRHKTCPVCGKPVEIEERGS/MFDREAGIELAELKREYDELAKKVEKEEGEEKAKKVKEEGEKELEKKKKELEERKEKLEEEKERKE
batch2_design_253,1.1777,GECVICRSPLNSLCAPERYEGCTGSPASCGYAELVCGHREHARCLSEWLAEHETCPVCRKPAEIKYSGA/PLAARARALRELERERRERLRALEEEAAKLPDEAEAAARLAAAKAELEAEAEERRARLEAELAAALAA
batch2_design_85,1.1783,GRCPLCDTPARKLCRECKAAGCAGSPESCGWTELVCGHEFHSICLSRWRSLNEVCPICNEPLEIKRDGS/AALAAAAAALAAAWAAERAALEARLAAEVAAAKAAGTEEQARHLAASRLALLEAERAAAAAAL
batch2_design_64,1.1785,SECVICNTPANQCCALCREEGCEGSPESCGWVELKNGHTEHAICAGRWLAVSDTCPVCGEPAEVAYAGE/AELEAELEELRRRTARALEIQREMAARAADDPALRAELEARAAAIERRHAEEVARLEAER
batch2_design_266,1.1792,RRCVLCNTPLRGLCEECKEEGCKGSPESCGWTTLKCGHEFHSICLGKWLKHNKECPVCRKPAEIEESGS/SEYEELLEEYINLEAKLEMIEKEREEVEKKIEELEEEDPEKGRELREEIEELRRRYEELREEVERREAE
batch2_design_44,1.1802,DFCVICDRPLNKCCYECELKGCKGSKESCGYVELECGHKFHAICASKWHKVHKNCPICKEPLKIKKEEE/REEELRRRREEEEERRRREEEEKLAAREEEWRALIARHPELAPKATTRESLRICAAECRALEA
batch2_design_287,1.1807,GKCVLCGTPLDKLCALCKLEGCEGDPESCGWAKLKCGHEFHAVCLRKWLSKNEKCPVCEEPVEIEEEGE/SLLEELEERLKKVEEIRKQTEELLERLKKLAEASKSEAVKEALLELAEEIKEKAEEEIERILK
batch2_design_274,1.1819,GKCKICDTPANKLCAGEEEEGYKGSPESAGWAKCKCNHEFHSICLSKWLSKNKNCPSCKKPIEIEKSGS/EEKAKRLEEEIKKAEEEKEKTKEELKKKKEELDEIAKDEEKKEEAEKEKEKIIKEKESKINELEARIDNLKERLKKLKEELEK
batch2_design_288,1.182,GECEICQTPLNKLCLEQKAKGCEGSPESCGWCKLKNGHEYHCICLKEWLEKHETCLICEKPLEIEECGE/MLEEEAKKYEEKAKELKAKMEAIKKELERIKAEASEREAARAEARAKAELAELKEKIEEAEKKAKELKEKKEKLE
batch2_design_92,1.1824,DYCALCNTPANGPCALDELAGPAGDPASCGWVELKCGHKYHARCWAEWHSVRETCYLCKEPLEVKESGA/SAAAAREAAARAAIAAAVAAAAAAFEAEMKEEREKLKKMKPEELEEVEEEHRAEIEALLAACAATTPELARACRRIAALRLRMWLKMLKEIREEIE
batch2_design_19,1.1825,KKCVICNTPLNKCCLECEEEGCEGSPESCGYVKHKCGHEECSICASEWLSVHKVCPVCGKPFEIEKSEE/SLEEIRRKIRERRRKVREELDERHRRRLAETRAAGAALVAALGPAAEARAREMLEATERESARELYEAREELEEEEEELLEEY
batch2_design_184,1.1835,KKCYICNTPGKKLCLECKLKGCKGSEKSCGWTKLKCGHEEHSICLSEWLSVNDKCPICKKPVEIEEDEE/EEKKKKEEELEKEREKKKEEERKKAEEERLEKVKEAILRELNEKGPISEEEAEKLAKERMKKNEKERKKAAE
batch2_design_156,1.1853,DFCELCKTPANKLCVECKKAGCKGSKESCGWAECKCGHTFCSICLSEWLSENKNCIICREPVEIKKDGK/SLLEEEEEKKRREELKKLREEFEEEFEKWAKEIKEASAEEREKILEEFKKKVEEMPEELKAYGEGLLRKLEVLVEEVKKKL
batch2_design_303,1.1857,SFCEICDTPGNSLCAECKKKGCKGSPESCGWVLLENGHSFCSICLSTWLKFSKKCPICGKPVKIKYSGS/SEEVKELEKKAEELRKERLELMEKAPEILKKLYEEKSKIDKELAEKETKKKEEELKKKRVELNEEISELRKKAEELKAKE
batch2_design_308,1.1861,SKCVLCDTPANKCCELCAALGCAGSPESCGWAKLKNGHEFHAICLGRWLEHHETCPICGKPAEIESSGS/EEEEKEEEEKEEEEEKEREEEESERRIAELKELLAPERAALAAAAAAAAAAAAAAAAAAAAAAAAA
batch2_design_250,1.1861,KKCVICNTPLRKPCLLCKYEGPEGSPESCGYAKCKCGHEFHSICLSEWLARNDKCPICLKPLEIESCGE/SEEQEERLKRIEEWNEEVEAERAAGEAEAERLAAERPEEAEAARRAALQAARERRLARLEALL
design_51,1.1875,DICLLCVTPANKLCAFEKFEGCEGSPESCGWAKLKNGHTYHSRCLSKWLSKFDVCLECLEPIEIESSGE/MLEELEEEEEEEEEEEEEAEEEAKKIFEKNLEKFEAARAEGEEAYRKLLQELKEEILEKALKDKENREHYLRIAYYLNKLALEYRKAEEEAAAAA
batch2_design_215,1.1876,GSCPLCNTPANKLCALCKAAGCKGSPESCGWVELKNGHKFHSICAKRWLARHATCPLCDAPAEVKKDEK/DAAALAALRAALRALAAALERLLRRLGPALLAACARAANRLACLAAVAALAAALLALIAALRALAA
batch2_design_140,1.1903,HMCYICNTPANKCCALCEEEGCEGSPESCGWVKLKCGHEEHSICLSKWLSKSKVCPLCGEPAEVEEDGS/SESTEIAREGRRLREEALELSAEEARRRLEEFTRRVIERVAARLKDPEEAEKMKKVLTRLGEVDIEELEAEIAARAAAAAA
batch2_design_323,1.1922,GKCVICNTPANKLCAEEALKGYKGSPKSAGWCKLKCGHEFHSICLNEWLAKYDKCPLCLKPVEIEKCEK/EEEEEEEEEEERRRERREEIEREAERITAEYAKKAAEEAAKAKDKAALAAKYRQEASLEIRERIDELMERE
batch2_design_290,1.1925,KYCVLCNTPANKLCANCKERGCKGSPESCGWCELENNHEFHCICLSTWHKHFKECPICKKPLKVKSCGS/SAAAAAAAAAAAARAAELEARLEEAVREICKAKKPEEVDAIAAEFLAYLAAVEAEAAADPLSAAAIAAAAAALRARLEAVVADVKA
batch2_design_84,1.1929,EECVICLTPANKCCLDCKLKGCKGSPESCGWATLKNGHVECAICLSEWLSLKDKCILCRKPVEIESSGS/MEEKAKKKAEELKKEFKKLEEEQLKELLKTKKEGNPEEYEKLLKKHEEELRKKRREMQKELAKLDPKNRKLLIEFNVECYEIREEAEKKLKKY
batch2_design_27,1.1937,KECVICNTPLRRLCAECRAAGCPGSPETCGWARLKNGHEEHAICLSKWLSKHKTCVICNKPVEIESCGE/DELAKRKAELEAKRAEYLAKAEAAKAEAKALLEEKGDEKEAAKLLAEAEKYENEAYLLEGELKRLTADHLAAQAAA
design_53,1.1937,EKCIICDTPGKKLCAEEKCKGCKGSPKSCGWVELKCNHKYCSICLKKWLSENKNCIECLEPVEVKKDGK/SEEEEKKKKKEEEIKKLKEELEKLKKEIEKVRKEIKELTEEVCKLKKEDPEKAAKAEKEFKKKKEELEKKRNELHKEAVKTKEKLDKLLEEKKKE
design_57,1.1962,KKCVICDRPGNKCCYGCERLGCEGDPDSCGWMLLKCGHEFHSHCASIWHSEHKTCPLCRKPLEVEKSGE/SAAAAEAAAAAALAAALAEAAAAAEEAERLLAERGEEALPEVRLRRAAAAARLAAVLEARAAA
batch2_design_366,1.1993,KKCVICNTPARKLCRECKEKGCEGSKESCGWVKLKCGHEFHSICMSKWYSINKNCPVCKKPLEIEEDGE/SAAELEEEREELERVYEEELELIEEARKEGLNMEALLRAVKARMLSALKKTSLKELAQEYLEELTKICEEAAKEYKA
batch2_design_18,1.2005,SHCVICDTPGNKLCAECKFEGCKGSPESCGWVELECGHSFHACCAERWAEEHEVCPVCLEPLKVKRKGS/SEEEEEEEEEREREEEEEERERRRERRERRQRELEERLEEEEERRRREEEERRRREEEEERERRERE
batch2_design_155,1.2017,KKCVICNTPLNGLCGRCREEGCPGNPESCGWTTLECGHEFCSICLSRWHKKHKTCPICKKPLKIKKSGS/ALAAAAAALAAALAARLAEREREREEERKELLEVLGGDEERIERIEEEERAALEAELAALAAAL
design_21,1.2017,GECPLCNTPANKCCYLCKELGCKGSPESCGWVELECGHEFHSYCASLWLKENKNCPLCKKPAKVKKDGK/GEAAEEEERRRAEEEEEREEEERRRAAEEEEEERKLEERKKKAAERMRKIREAEAAAAAAAAAAAEAAAAAAAAAEAAAAAAA
batch2_design_50,1.202,EKCVICNTPANKLCWPCKKRGCEGSPESCGWVTCKCGHTFHAICANAWLKYSKKCIICNKPFEVEKEGE/SAAEEAAKAAARAEAEERMNKVYEVLKKSSAKTENSYETFLERLKAMEKALCDLDPENAEYIREIAEKIRAKLEAEEAAK
batch2_design_89,1.2025,EKCEICDTPGKKLCAEEEEEGYKGDPESAGWVELENGHEEHAICLEKWLAVNETCYLCHKPVKIKKKGE/AAALAEAAALAAAAAAAAAAEKEALLEELRAARARRLEARIRAELEAAAAALPPEARAALARLDRAALARARARERVAAEDAERRAKAEEAAAAA
batch2_design_113,1.2032,SMCFICDTPANKLCALCKYAGCKGNPKSCGWVKFKNGHEEHAICAKKWLEKHKTCPICHEPAEVEKEEK/NLEILLLLILGVLYAKKSKELKAEAERLRAEAARLEAEAPALSPEERAKALARVEALKAEAKRLEQESVKYEATSKRLFAEAIELLKKLLA
batch2_design_223,1.2039,KFCVICLRPLCKCCAECEEAGCEGSPESCGCCTLKCGHEFCCRCLKEWLARHKVCPICKKPVEVESCGS/EEERRRREERERLERRRAEGAARRARLEAEIAERERAAEAAAAAAAAAAAAAAAAAAAAAAAAAAA
design_56,1.2045,KECVICRTPANKLCAPRKKEGYKGSPESAGWVELENGHVFHSICLREWLEENDTCIVCNEPVKIKKSEE/SLLELLEALRRAAELARRAEELEEERKKLEEERKKLEEKAEEAKKAGKEELAKELLEKAKELEKKIAELDSEIRRVRAE
design_39,1.2066,KECVICNTPLNKLCLPCKEEGCEGSPESCGWVELKNGHEEHAICLRLWLSLSKTCIICRKPIEIKYEGE/SRRRALVERLVELQKRFEEELEKGKAEIAALEDKEEAEKKLKELEEETKRQFEEERRRLAEEARE
batch2_design_101,1.2066,SFCVICYTPARKLCAWCKIEGCKGSPESHGYARLVNGHEYCSICLSVWLSLSDRCPVCNEPAEIEYDGE/AAAAAAAAAAAAAAEAAYRAELAAVFKEISEEGLKEGLSLEEVIRRKIEAREELEARRAAA
design_7,1.2071,GTCVICNTPLRSLCYECREDGCEGSPESCGYAKLKNGHEFHACCLKEWLKENKNCVLCKKPLEIEEEGS/SAAAAAAAAAAAAAAAAAAAAAAAAAAEAAKPLEEAAKLARERRERRRAERAAAAAAAAAAAARAAAAAAA
design_20,1.2076,EECVICNTPGNRLCRWCKEAGCVGDPSSCGWVKLKNGHTEHALCLSVWHKVHKNCIICRKPLEIASSGS/ALAAAAAALAAAAAAAAAAAAAAAAAARAAALAEYLARAEEIAKERAEEIEEKRKREEEERRRKE
batch2_design_325,1.2079,KKCVICNTPANKLCLGCKEEGCEGSPESCGWVKLKCGHEFHSICASRWLAKNKTCPVCLEPLEVEEDEE/DLLEELLKALEEKRKAHEEEIKKRKEELEFEKNVLKATAETLAKKDPEEAKKVLEEMEAKAKEMKKEIEKLEAEFKK
batch2_design_282,1.2099,GKCRICNTPLNKLCAEEALKGYKGNKKSAGWTELENGHEEHSICLERWLAKHKECLICNEPVKIKKSGK/LEAVEKEYREFLARMEAERAARDERDAEIIAIARALSPEKAEKVAAILAEERAALEAERARELEERAARLEAVKAEAE
batch2_design_364,1.2108,KECVICNTPLNKLCGICKELGCKGNPESCGWVELENGHEFCSVCLSRWLSIFDECLVCRKPAKIKYDGS/EEKLKELEEKLKELEEEEAKELKAVWERYKAEGDWEGGREEMIKIRQRYNEKILELVKEFS
batch2_design_183,1.2115,DKCVICDTPLNKLCLVCEVAGCKGSPESCGWVELECGHKFHAICASEWLKENKECPICGKPMKVKSSGS/AAAAAAAAAAAAAAAAAAAAEAAKAAEEAAKKAKEEEEKKKEMEKKREELRKKRLEKRKELLKKRKE
batch2_design_186,1.2125,EKCVICDTPANKCCISCEYEGCEGSKESCGYVKLKCGHEEHSRCLSRWHSVSSVCWVCCEPIEIEEDEE/SETEILKKILKIVEEIVRVLSYKIAKKLSSLSLEELWKIFTELAEKVEKLLEELGLKALGYAVRMGILRGTREYLKEKEK
design_60,1.2126,SFCPLCLTPANQCCALCEVLGCEGSPESCGWVKLKCGHEFHARCLGRWLKVHKTCPICKKPAEIEYSGS/PLLELLERLLRLLRLAVGLLRLLLALFRTEEWKEVLAALRAAAEALRAALAAADPEAAAAYAAAYDALLAVLEAL
batch2_design_221,1.213,KTCVLCNTPGNKCCRDCCEAGCEGSPESCGWTKLKCGHEFCSKCLSRWLAKHKTCPVCKEPAEIEYSGS/ALAAALAALAAAAAAAAAAAAARARAEEEYLEERVEEIEEELERAAAAAAAAAAAEAAAAAAAAAAAAEAARRAAAA
batch2_design_219,1.2145,KKCLICFTPGNSLCLEQKKAGYKGSPESAGWTTLENGHEFHSICLSEWLSLSSTCPLCQKPAKIASSGS/SLEEEKKALLEKIEEEKKKLEEETKALLESLEEYEKKAKETLSPEEAAKVAERIKEVKEKLEKEKKEKLAELEKLLEE
design_35,1.2164,KKCVLCNTPGNKLCIECKKKGCKGSKESCGWAKLKCGHEFHSICLSLHLKKHKNCVICKKPIEIEKDEK/AEEELRRALEEAAREAAEREAERRARRERAEELIAKGELEKMTLEEAVEEAVRRAEEEREKEEKEKE
design_27,1.2185,KKCVICDTPLNKLCKECKYAGCKGSKKSCGFVKLKNGHEEHAICLSKWLKKHKNCIVCHEPVEIESSKK/EEEKKKAEAAAKIAAAEAEEKAREKAAEENEKLLKLLKEAMKDPATKPLAEAFLAENKEEFEKLAKEYEKVKEKEENIKRVEE
batch2_design_178,1.2188,GKCVLCNTPLNQLCAEQRVLGYAGSPESAGYVRLKCGHEFHSICWSRWLAKHDRCPLCRKPAEVEESGG/EEAAEAARRAALAAEIAKRRAEAEEKLDELEEEWEKRLEEIKKLAEENPEEAKKKLEEETKRYQEKVIEL
batch2_design_236,1.2191,SECVICGTPLNKLCARCRLEGCKGNPESCGWVKLKNGHEQCAICLKEWLEKNKVCIICCEPVEIEKEEK/EEEELRERLEELLRELLERLLERKRLLEEQRERLKKAEERLKEYEKKLEEIEEENAEEVAARRAAAAAAAAAAAAAAAAAAAAAAAAAAAAAAAAAAAA
batch2_design_154,1.2193,GVCVLCYTPANKLCLDEKEKGYKGSPESAGYTKLKNGHEFHSICLSKWLSVSSTCPVCKKPLEIEKSEE/SELLKKKLEELLKEELKKRELGIKARQEMAEKELAKVAAEAKAADPAKAAEVTAAKKAELDAELEAFKKKLEEELK
batch2_design_304,1.2214,SLCVICDTPLNKLCLLERFEGHEGSPESHGWTKLKNGHEQCSICLSEWHSKHKECLICKKPLEVEESGS/SLLEELRRKAEEAHAKAAAKLREETLEKRKEFREKIEELKKKAKEEKDPEKKEELLKKAEELEKEAEKKIEEVKKFR
batch2_design_91,1.2263,GRCEICNTPANELCYEERELGYEGSPESAGFVELKCGHTFHAICYRKWLSKHKTCPICKKPAEIEKEEE/EEEEEREREEEEEEEREREERREERERELEEEEREEREEEEEEEEREEEEEEEEEEEEEEEEE
batch2_design_59,1.2287,KECVICQTPADKCCAPEAEEGCEGSPESCGWVKCKCNHEFHSVCLKEWLKENKNCPLCKKPVEIEYDGE/EEEERKRREEEEAKAAEEKKEEEERKKRLEEAKKRAERRREELERRRAEAARRAAEAAAALAEDPALALAVLSEEYRAVYAAIRAAREAAAALAAALA
batch2_design_54,1.231,KRCVICGTPLNKLCLECKFEGCKGSPESCGWAELKNGHEEHARCLDRWLAVHKKCPICQKPLEIAKRGA/KEEEEKDRERLELREKTLERIEALRAELARAAAELSPEEAAELRARVEAEEEALIEELVKKMLE
batch2_design_358,1.2322,DFCVICDTPANSLCAPCAVAGCAGSPESCGWVTLKCGHEECAICAARWLSRHKTCPVCGKPVEVEKSGS/AAAAAAAAAAEAALAARRAEFEAALAEYEAALEASADDPEKQKELRLKALRAQHGLDILDEH
batch2_design_265,1.2323,SFCSLCNTPGNKCCLLCKKAGCKGSTSSCGWTELKCGHTFCSICASRWLSKNKNCPLCEKPMEVKSSGS/YEEKLQKEIEEAKKLIEEIKKKVEEAKKTLSKEEAEKFEKEAKNQITVLEERIEELEEELKKYKE
batch2_design_14,1.235,KRCVICDTPANSLCAGQKEEGCEGSPESCGWVKGKCGHEEHAICAGEWLEVNDTCPICKKPWEVEKSGS/SREEVLKEFEELMEELRREARERVEEALREDVLLACRVGFEELERMREVFEEFIKENPEIAEELRKLALERLREWRIELRERCRALLAERAAEEAA
batch2_design_293,1.2353,KKCVLCNTPGNKLCLLEKELGYKGSKESSGWVKLKCGHEEHSICWSIWYSKNKTCLICKKPAEIESCGS/KLLEEKLKKLKELQEKKILEQAEKYRKEREEREREREEAERREREREEERRRREAEERERRLR
batch2_design_161,1.2385,KKCVICNTPANKLCKECKEKGCKGSKESCGWVKLKNGHEECSICASKWLSKYDKCILCGKPLEVEYDGS/MEEEEKRRKEEEEKKKEEEFKKLSEEAKKELEEEEKEKREEEERRRREEEEARRREEEARRAAEAAREEEERAR
batch2_design_9,1.2394,KRCPICNTPLNKLCADQKEAGYEGDPEKAGYVKLKCGHEFHSICAKEWLSRHKDCPICAKPMEVEKDEE/AALLAARLAAREALAAEIAREKERLAALKRYLKERCAAEIAAAAAESKEKAEAAKKECEERLAKLEAWIAEREAELAARAAAAE
batch2_design_125,1.2454,MMCVICLTPANKLCRYCRREGCKGSSSSCGWTKLKNGCEFHSICLEKWHSKNKNCPLCKEPLEIESSGS/SLLELLLELLEKLRKAEEEKLLEELIEELSEFYKELQKKREELIKKDPSKKEEYEKEFEEKLEEKIKELKKKYEEKL
batch2_design_295,1.2461,TKCVICNTPGRKLCAREEFLGYEGSPETAGWAELKCGHEYHAICLREWRAKHSVCIVCNEPLEIAYEGE/EALLRERNAEIRARLAGALALMEELIAEREAAEEAEIAAAAAEDPALAAELERLAAEIRARRERSLEELRARVAEIEAALAA
batch2_design_45,1.2515,ERCSLCNTPANKCCRFCALLGCAGSPESCGWAKLKCNHTQHSICLSKWLKVNKTCPICKKPVEIESSGS/SEEEEEEEREEEEEEEKEREEAAKEYELMLFKENPLGYLALLLLLALAAALAAALLAALLAA
batch2_design_284,1.2541,SRCVICNTPANKLCAYCKEEGCEGSPESCGWAKLKNGHVFHSICLSEWLSISDTCPVCLEPLEIESSGE/MEEIEKLKEKIKELLEERKARLARLEAEAPLLSPEEVAARKAALLEETAKKLGELFYELRKYKKEKKEEEELKKLLAAALALAALAALLALLLA
batch2_design_73,1.2587,KECVICGTPLNKLCLFCELEGCKGNPESCGWTKLKCGHEFHSICLKEWLEENEECVVCLEPMEIEKSGK/SEEERRRLEELREEERRRREEREEERRREGEARVAEVRAKRKEELEKKLKEEEEKRREEEEKK
batch2_design_318,1.2617,KKCVICDTPGNELCALEKEEGYKGSKESHGWVKLKNGHEFCAICLSLWYSKNKTCPICKKPLEIEEEGE/MTPEELAALKAAEEARRELLEKNLKKALEKLEKEKKEKEEKEKAEKEKKEKEEKLKEELK
batch2_design_15,1.262,SYCVICNTPLNKLCRSEKERGYKGSPESSGWVKLKCGHEEHSICLSRWLKRHKTCPVCKKPLEIEESGK/LAELKKKLEEEKREEEEAEKREKERKEEEEERERREEEERREEEERRRREEEERRREEEERRREREREEEEERR
batch2_design_298,1.2778,EKCVICNTPGNKCCAWCEKEGCKGSPESCGWATLKCGHTEHAICLGIWLEKHKVCPVCNEPAEIESSGS/EFLKKLEELLKAFEEELEHLEKSKKLLLEAKDALAEKYDKEIAEEKKEELLKEKEKEKEELLKKKKELLKKLLEELKKRLAEEAEAAAAAAAKALLEAL
batch2_design_41,1.2858,RYCPICETPGNSCCVWCCLKGCKGSPESCGWVRLKNGHEFHANCYGRWLKENKTCPLCLEPAEVEYCGS/LLLLRLLEALRKLLALARAALLAAALAALAAHAADPAARALAAALAALLAAARERRRAEAAA
batch2_design_111,1.2913,DKCVICDTPWCSCCALCELLGCPGDPSSCGCALLKNGHVEHARCLARWLAKHERCPVCKKPVEVEERGS/SLLEELKAKLEEIKKKDKEKAEEFQKIADEILKKLEEAEKRLKRREELEEEMEEELEEEEE
design_46,1.2967,GMCVICNTPANKLCAECKYEGCKGSPESCGWVELKNGHTEHAICYNKWLKENKNCYVCNKPAEIKKKEE/SPLAAALAAALAALAAALAAILANPELLAELLKKLEEEEKRKKKREEYEKKAKEKEEEKKK
batch2_design_133,1.3009,GYCVLCATPLNKCCRECAEKGCEGSPESCGWATLKNGHEFHAICLKKWLEKHETCPLCRKPIEIEKSGS/EEERLRAELEAAAAAAAAEREALERARRLREEREEERREEEEERRREEELREEEERRRREEEE
batch2_design_320,1.3229,KKCVICDTPANKLCAVCKALGCEGDPESCGWAELKCGHTFHSICLKRWLSLFDKCPVCKEPVEVEKEEE/REEEERAREEEERERAERLRRWEEREAELRAKVAAEREEAAALAAALAALAEAAAAALLAAL
batch2_design_227,1.3656,KKCVICDTPLNKCCRFEKIAGCKGSPESCGWAELVNGHEFHSICLEEWHSVFDTCPICEEPLEVKSSGS/SLLLLLLALLLLLLLLGLLLLLLHLLLQLLLELLRRLDPEAYEALLRELAEKRRKELKEKLEKEEEERRKKLE
