Design_ID,Sequence,pLDDT_Confidence,Chai-1_ipTM,Chai-1_pTM,Zinc_Status,Validation_Status,Grounding_ipTM
design_9,AAALAAAVAAARAAAAAELAEARARAEALAAEGREEEGRRLLESAERRAETRAALIARVLAA,81.78,0.6259,0.7757,SAFE,ACCEPTED,0.76
design_15,AEAAALEAKAAALEAAAEAALAAALAAQEALFAAPLERRPELLAQLKALVDQARALEAEAAATRARAEALRAAA,82.14,0.5473,0.7496,SAFE,ACCEPTED,Pending...
design_1,EAALAAVRARRAEVEAERRRVERIIEILKKYDSEVMKKYAERLREELAAREAEVEALEAAVRAA,83.69,0.3856,0.6803,SAFE,ACCEPTED,Pending...
design_10,EELEKKLEELRKKAKEEARKARELRREAERLREEAAAVRARAEANPEDREALLARAAELEAAAAAKRAEAEAALRKSREYIKKRVEVKKEIEEK,84.13,0.26,0.6615,SAFE,ACCEPTED,Pending...
design_21,SAAAAAKAAAAAAAAAAAAAAAAAAAAAAAAAEEELKKREEEAAKEIKELQEEKVKKELEEKLKKLLEELLKALEELLKKLKE,88.95,0.5672,0.6933,SAFE,ACCEPTED,0.39
design_16,ALAARLAALEARAAKLRAEAAAKLAAAEEAKEDFEKCVLLRTEAVRLDAEAARLAAEAAELRA,83.22,0.3437,0.6726,SAFE,ACCEPTED,Pending...
design_18,EAEKEAEKLLKELEKILEKAKELAKKEKNAEELLKAIDELEKTLKEALKLAKEGKFEEAEAKAKEAFRELEFKARAASEEIAKLIKEARKKAEEAFKVLK,77.69,0.226,0.6555,SAFE,ACCEPTED,Pending...
batch2_design_0,SLEELKKELEKKKEEEKKKKAEKLLEELRKEAAAARAERAAAAAAAAAAAAAAAAAAAAAAAAAAA,88.4,0.4272,0.6652,SAFE,ACCEPTED,Pending...
design_52,EEEEEREREEERAELYTELLDEAAAAALDGDKAAAALAYMQRLVRASLKLSKELAVRIAERAIALLDAAAAARPEHRAAFEAARAEVQALLAEI,77.96,0.511,0.7718,SAFE,ACCEPTED,Pending...
design_50,SKERTLAAFKNLAKYLEEEKKKKEEELKKLKEEEEKRVKAGGSKEEAEKRIKEKKEELEKIKKRAEYAKKKVEELE,82.26,0.4916,0.7336,SAFE,ACCEPTED,Pending...
