name,sequence,length,boltz2_ipsae,boltz2_iptm,boltz2_ptm,boltz2_plddt,passes_v2,elapsed_s
design_9,AAALAAAVAAARAAAAAELAEARARAEALAAEGREEEGRRLLESAERRAETRAALIARVLAA,62,0.8948,0.9101,0.9303,0.84,True,140
batch2_design_0,SSKLRALSAQQALKQAQQAEKELQKQQAQIQKLAQLKAERKERAEKKAALEA,52,0.8273,0.8312,0.8299,0.88,True,138
design_52,AAALAAAVAAARAAAAAELAEARARAEALAAEGREEEGRRLLESAERRAETRAALIARVLAAAAELAR,68,0.8029,0.8187,0.8736,0.85,True,124
design_10,AAAELAEARARAEALAAEGREEEGRRLLESAERRAETRAALIARVLAAAELAEARARAEALA,62,0.7732,0.7891,0.8175,0.86,True,131
design_16,AAALAAAVAAARAAAAAELAEARARAEALAAEGREEEGRRL,41,0.7622,0.7744,0.8543,0.81,True,117
design_18,AAALAAAVAAARAAAAAELAEARARAEALAAEGREEEGRRLLESAERRAETRAALIARVLAAAAE,65,0.5833,0.5901,0.7683,0.81,False,129
design_15,AAALAAAVAAARAAAAAELAEARARAEALAAEGREEEGRRLLESAERRAETRAALIARVL,60,0.5362,0.5501,0.7454,0.86,False,119
design_21,SAAAAAKAAAAAARAAAAAELEKKLEELEARAELEKKLEELEARAELAEARARAEALKLKL,61,0.4194,0.4312,0.6819,0.82,False,133
design_1,EELEKKLEELRKKLEELRKKLEELRKKLEELRKKLEELRKKLEELRKKLEELRKK,55,0.3732,0.3821,0.6499,0.91,False,128
design_50,AAALAAAVAAARAAAAAELAEARARAEALAAEGREEEGRRLLESAERR,48,0.1874,0.1921,0.6132,0.82,False,129
